<?xml version="1.0" encoding="UTF-8"?>
<kml xmlns="http://www.opengis.net/kml/2.2" xmlns:gx="http://www.google.com/kml/ext/2.2" xmlns:kml="http://www.opengis.net/kml/2.2" xmlns:atom="http://www.w3.org/2005/Atom">
<Document>
	<name>Ruta 22 - Itinerario en Concesión</name>
	<gx:CascadingStyle kml:id="__managed_style_8B258FDAAE3AF68BB74C">
		<Style>
			<IconStyle>
				<scale>1.2</scale>
				<Icon>
					<href>https://earth.google.com/earth/document/icon?color=1976d2&amp;id=2000&amp;scale=4</href>
				</Icon>
				<hotSpot x="64" y="128" xunits="pixels" yunits="insetPixels"/>
			</IconStyle>
			<LabelStyle>
			</LabelStyle>
			<LineStyle>
				<color>ff1427a5</color>
				<width>4.5</width>
			</LineStyle>
			<PolyStyle>
				<color>40ffffff</color>
			</PolyStyle>
			<BalloonStyle>
				<displayMode>hide</displayMode>
			</BalloonStyle>
		</Style>
	</gx:CascadingStyle>
	<gx:CascadingStyle kml:id="__managed_style_70E1252B513AF68BB74C">
		<Style>
			<IconStyle>
				<Icon>
					<href>https://earth.google.com/earth/document/icon?color=1976d2&amp;id=2000&amp;scale=4</href>
				</Icon>
				<hotSpot x="64" y="128" xunits="pixels" yunits="insetPixels"/>
			</IconStyle>
			<LabelStyle>
			</LabelStyle>
			<LineStyle>
				<color>ff1427a5</color>
				<width>3</width>
			</LineStyle>
			<PolyStyle>
				<color>40ffffff</color>
			</PolyStyle>
			<BalloonStyle>
				<displayMode>hide</displayMode>
			</BalloonStyle>
		</Style>
	</gx:CascadingStyle>
	<StyleMap id="__managed_style_679718DBB33AF68BB74C">
		<Pair>
			<key>normal</key>
			<styleUrl>#__managed_style_70E1252B513AF68BB74C</styleUrl>
		</Pair>
		<Pair>
			<key>highlight</key>
			<styleUrl>#__managed_style_8B258FDAAE3AF68BB74C</styleUrl>
		</Pair>
	</StyleMap>
	<gx:CascadingStyle kml:id="__managed_style_528630BEEC3AF68BB74C">
		<Style>
			<IconStyle>
				<scale>1.2</scale>
				<Icon>
					<href>https://earth.google.com/earth/document/icon?color=1976d2&amp;id=2000&amp;scale=4</href>
				</Icon>
				<hotSpot x="64" y="128" xunits="pixels" yunits="insetPixels"/>
			</IconStyle>
			<LabelStyle>
			</LabelStyle>
			<LineStyle>
				<color>ff1427a5</color>
				<width>3.75</width>
			</LineStyle>
			<PolyStyle>
				<color>40ffffff</color>
			</PolyStyle>
			<BalloonStyle>
				<displayMode>hide</displayMode>
			</BalloonStyle>
		</Style>
	</gx:CascadingStyle>
	<gx:CascadingStyle kml:id="__managed_style_4ADC90F5E03AF68BB74C">
		<Style>
			<IconStyle>
				<Icon>
					<href>https://earth.google.com/earth/document/icon?color=1976d2&amp;id=2000&amp;scale=4</href>
				</Icon>
				<hotSpot x="64" y="128" xunits="pixels" yunits="insetPixels"/>
			</IconStyle>
			<LabelStyle>
			</LabelStyle>
			<LineStyle>
				<color>ff1427a5</color>
				<width>2.5</width>
			</LineStyle>
			<PolyStyle>
				<color>40ffffff</color>
			</PolyStyle>
			<BalloonStyle>
				<displayMode>hide</displayMode>
			</BalloonStyle>
		</Style>
	</gx:CascadingStyle>
	<StyleMap id="__managed_style_3F426CA2463AF68BB74C">
		<Pair>
			<key>normal</key>
			<styleUrl>#__managed_style_4ADC90F5E03AF68BB74C</styleUrl>
		</Pair>
		<Pair>
			<key>highlight</key>
			<styleUrl>#__managed_style_528630BEEC3AF68BB74C</styleUrl>
		</Pair>
	</StyleMap>
	<Placemark id="57D43B119A000001">
		<name>AMPLIACION LAUREL I - REFUGIO – SIMON BOLIVAR – DIAZ ORDAZ</name>
		<description>RUTA 22 5Y10-EJIDO FRANCISCO VILLA-TERRAZAS DEL VALLE</description>
		<styleUrl>#__managed_style_3F426CA2463AF68BB74C</styleUrl>
		<LineString>
			<tessellate>1</tessellate>
			<coordinates>
				-116.802494,32.468155,0 -116.814821,32.462044,0 -116.814832,32.462038,0 -116.814842,32.462033,0 -116.814853,32.462028,0 -116.814863,32.462022,0 -116.814874,32.462017,0 -116.814885,32.462011,0 -116.814895,32.462006,0 -116.814906,32.462,0 -116.814916,32.461995,0 -116.814927,32.461989,0 -116.814937,32.461984,0 -116.814947,32.461978,0 -116.814958,32.461972,0 -116.814968,32.461967,0 -116.814979,32.461961,0 -116.814999,32.461949,0 -116.815009,32.461943,0 -116.81502,32.461938,0 -116.81506,32.461914,0 -116.815071,32.461908,0 -116.815101,32.46189,0 -116.815111,32.461883,0 -116.815121,32.461877,0 -116.815131,32.461871,0 -116.815141,32.461865,0 -116.815151,32.461859,0 -116.815161,32.461852,0 -116.81517,32.461846,0 -116.81518,32.46184,0 -116.81519,32.461833,0 -116.81521,32.461821,0 -116.815219,32.461814,0 -116.815229,32.461808,0 -116.815239,32.461801,0 -116.815249,32.461795,0 -116.815258,32.461788,0 -116.815268,32.461782,0 -116.815277,32.461775,0 -116.815287,32.461768,0 -116.815297,32.461762,0 -116.815306,32.461755,0 -116.815316,32.461748,0 -116.815325,32.461741,0 -116.815334,32.461735,0 -116.815344,32.461728,0 -116.815353,32.461721,0 -116.815363,32.461714,0 -116.815372,32.461707,0 -116.81539,32.461693,0 -116.8154,32.461686,0 -116.815436,32.461658,0 -116.815445,32.461651,0 -116.815454,32.461644,0 -116.815463,32.461637,0 -116.815472,32.46163,0 -116.815481,32.461623,0 -116.81549,32.461615,0 -116.815508,32.461601,0 -116.815517,32.461593,0 -116.815535,32.461579,0 -116.815543,32.461571,0 -116.815552,32.461564,0 -116.815561,32.461556,0 -116.815569,32.461549,0 -116.815578,32.461541,0 -116.815587,32.461534,0 -116.815595,32.461526,0 -116.815604,32.461519,0 -116.815612,32.461511,0 -116.815621,32.461504,0 -116.815629,32.461496,0 -116.815638,32.461488,0 -116.815646,32.461481,0 -116.815655,32.461473,0 -116.815663,32.461465,0 -116.815671,32.461457,0 -116.815679,32.46145,0 -116.815688,32.461442,0 -116.8158,32.46133,0 -116.815807,32.461322,0 -116.815815,32.461314,0 -116.815823,32.461305,0 -116.81583,32.461297,0 -116.815838,32.461289,0 -116.815846,32.461281,0 -116.815853,32.461272,0 -116.815861,32.461264,0 -116.815868,32.461256,0 -116.815876,32.461247,0 -116.815883,32.461239,0 -116.81589,32.46123,0 -116.815898,32.461222,0 -116.815905,32.461214,0 -116.815912,32.461205,0 -116.81592,32.461197,0 -116.815927,32.461188,0 -116.815934,32.461179,0 -116.815941,32.461171,0 -116.815948,32.461162,0 -116.815955,32.461154,0 -116.815969,32.461136,0 -116.815976,32.461128,0 -116.81599,32.46111,0 -116.815997,32.461102,0 -116.816004,32.461093,0 -116.81601,32.461084,0 -116.816017,32.461075,0 -116.816024,32.461067,0 -116.816031,32.461058,0 -116.816037,32.461049,0 -116.816044,32.46104,0 -116.81605,32.461031,0 -116.816057,32.461022,0 -116.816063,32.461013,0 -116.81607,32.461004,0 -116.816076,32.460996,0 -116.816083,32.460987,0 -116.816089,32.460978,0 -116.816095,32.460969,0 -116.816102,32.46096,0 -116.816108,32.46095,0 -116.816114,32.460941,0 -116.81612,32.460932,0 -116.816126,32.460923,0 -116.816132,32.460914,0 -116.816139,32.460905,0 -116.816145,32.460896,0 -116.816151,32.460887,0 -116.816156,32.460877,0 -116.816162,32.460868,0 -116.816168,32.460859,0 -116.816174,32.46085,0 -116.81618,32.460841,0 -116.816186,32.460831,0 -116.816191,32.460822,0 -116.816197,32.460813,0 -116.816203,32.460803,0 -116.816208,32.460794,0 -116.816214,32.460785,0 -116.816219,32.460775,0 -116.816225,32.460766,0 -116.81623,32.460756,0 -116.816236,32.460747,0 -116.816241,32.460738,0 -116.816246,32.460728,0 -116.816252,32.460719,0 -116.816257,32.460709,0 -116.816262,32.4607,0 -116.816267,32.46069,0 -116.816272,32.460681,0 -116.816278,32.460671,0 -116.816283,32.460661,0 -116.816289,32.46065,0 -116.816294,32.460639,0 -116.8163,32.460628,0 -116.816324,32.460584,0 -116.816336,32.460562,0 -116.816342,32.460551,0 -116.816348,32.46054,0 -116.816355,32.460529,0 -116.816361,32.460518,0 -116.816367,32.460507,0 -116.816373,32.460496,0 -116.816379,32.460485,0 -116.816385,32.460474,0 -116.816392,32.460463,0 -116.816398,32.460452,0 -116.816404,32.460441,0 -116.816411,32.46043,0 -116.816417,32.460419,0 -116.816423,32.460408,0 -116.81643,32.460398,0 -116.816436,32.460387,0 -116.816443,32.460376,0 -116.816449,32.460365,0 -116.816456,32.460354,0 -116.816462,32.460343,0 -116.816469,32.460332,0 -116.816475,32.460322,0 -116.816482,32.460311,0 -116.816488,32.4603,0 -116.816495,32.460289,0 -116.816501,32.460278,0 -116.816508,32.460268,0 -116.816522,32.460246,0 -116.816528,32.460235,0 -116.816535,32.460225,0 -116.816542,32.460214,0 -116.816549,32.460203,0 -116.816555,32.460192,0 -116.816562,32.460182,0 -116.816569,32.460171,0 -116.816576,32.46016,0 -116.816583,32.46015,0 -116.81659,32.460139,0 -116.816597,32.460128,0 -116.816604,32.460118,0 -116.816611,32.460107,0 -116.816618,32.460096,0 -116.816625,32.460086,0 -116.816632,32.460075,0 -116.816639,32.460065,0 -116.816646,32.460054,0 -116.816653,32.460044,0 -116.81666,32.460033,0 -116.816667,32.460022,0 -116.816674,32.460012,0 -116.816682,32.460001,0 -116.816689,32.459991,0 -116.816696,32.45998,0 -116.816703,32.45997,0 -116.816711,32.459959,0 -116.816718,32.459949,0 -116.816725,32.459938,0 -116.816733,32.459928,0 -116.81674,32.459918,0 -116.816747,32.459907,0 -116.816755,32.459897,0 -116.816762,32.459886,0 -116.81677,32.459876,0 -116.816777,32.459866,0 -116.816785,32.459855,0 -116.816792,32.459845,0 -116.8168,32.459835,0 -116.816807,32.459824,0 -116.816815,32.459814,0 -116.816823,32.459804,0 -116.81683,32.459793,0 -116.816838,32.459783,0 -116.816846,32.459773,0 -116.816853,32.459762,0 -116.816861,32.459752,0 -116.816869,32.459742,0 -116.816877,32.459732,0 -116.816884,32.459721,0 -116.816892,32.459711,0 -116.8169,32.459701,0 -116.816908,32.459691,0 -116.816916,32.459681,0 -116.816924,32.45967,0 -116.816931,32.45966,0 -116.816939,32.45965,0 -116.816947,32.45964,0 -116.816955,32.45963,0 -116.816963,32.45962,0 -116.816971,32.45961,0 -116.816979,32.4596,0 -116.816987,32.45959,0 -116.816995,32.45958,0 -116.817004,32.45957,0 -116.817012,32.459559,0 -116.81702,32.459549,0 -116.817028,32.459539,0 -116.817036,32.459529,0 -116.817044,32.459519,0 -116.817053,32.459509,0 -116.817061,32.4595,0 -116.817077,32.45948,0 -116.817086,32.45947,0 -116.817094,32.45946,0 -116.817102,32.45945,0 -116.817111,32.45944,0 -116.817119,32.45943,0 -116.817127,32.45942,0 -116.817136,32.45941,0 -116.817144,32.459401,0 -116.817153,32.459391,0 -116.817161,32.459381,0 -116.81717,32.459371,0 -116.817178,32.459361,0 -116.817187,32.459352,0 -116.817195,32.459342,0 -116.817204,32.459332,0 -116.817213,32.459322,0 -116.817221,32.459313,0 -116.81723,32.459303,0 -116.817238,32.459293,0 -116.817247,32.459284,0 -116.817265,32.459264,0 -116.817273,32.459255,0 -116.817282,32.459245,0 -116.817291,32.459235,0 -116.8173,32.459226,0 -116.817308,32.459216,0 -116.817317,32.459206,0 -116.817326,32.459197,0 -116.817335,32.459187,0 -116.817344,32.459178,0 -116.817353,32.459168,0 -116.817362,32.459159,0 -116.817371,32.459149,0 -116.81738,32.45914,0 -116.817389,32.45913,0 -116.817398,32.459121,0 -116.817407,32.459111,0 -116.817425,32.459093,0 -116.817434,32.459083,0 -116.817443,32.459074,0 -116.817452,32.459064,0 -116.817461,32.459055,0 -116.817471,32.459046,0 -116.81748,32.459036,0 -116.817489,32.459027,0 -116.817498,32.459018,0 -116.817508,32.459008,0 -116.817517,32.458999,0 -116.817526,32.45899,0 -116.817535,32.458981,0 -116.817545,32.458971,0 -116.817554,32.458962,0 -116.817563,32.458953,0 -116.817573,32.458944,0 -116.817582,32.458934,0 -116.817592,32.458925,0 -116.817601,32.458916,0 -116.817611,32.458907,0 -116.81762,32.458898,0 -116.817629,32.458889,0 -116.817639,32.45888,0 -116.817649,32.45887,0 -116.817658,32.458861,0 -116.817668,32.458852,0 -116.817677,32.458843,0 -116.817687,32.458834,0 -116.817692,32.45883,0 -116.817696,32.458825,0 -116.817701,32.458821,0 -116.817706,32.458816,0 -116.817711,32.458812,0 -116.817716,32.458807,0 -116.817721,32.458803,0 -116.817726,32.458798,0 -116.81773,32.458794,0 -116.817735,32.45879,0 -116.81774,32.458785,0 -116.817745,32.458781,0 -116.81775,32.458776,0 -116.817755,32.458772,0 -116.81776,32.458767,0 -116.817765,32.458763,0 -116.81777,32.458759,0 -116.817775,32.458754,0 -116.81778,32.45875,0 -116.817785,32.458745,0 -116.817795,32.458737,0 -116.8178,32.458732,0 -116.817805,32.458728,0 -116.81781,32.458724,0 -116.817815,32.458719,0 -116.817825,32.458711,0 -116.81783,32.458706,0 -116.817845,32.458694,0 -116.81785,32.458689,0 -116.81786,32.458681,0 -116.817865,32.458676,0 -116.81787,32.458672,0 -116.817876,32.458668,0 -116.817886,32.45866,0 -116.817891,32.458655,0 -116.817906,32.458643,0 -116.817912,32.458638,0 -116.817917,32.458634,0 -116.817932,32.458622,0 -116.817938,32.458618,0 -116.817943,32.458613,0 -116.817948,32.458609,0 -116.817953,32.458605,0 -116.817959,32.458601,0 -116.817974,32.458589,0 -116.81798,32.458585,0 -116.817985,32.45858,0 -116.81799,32.458576,0 -116.817996,32.458572,0 -116.818001,32.458568,0 -116.818006,32.458564,0 -116.818012,32.45856,0 -116.818022,32.458552,0 -116.818028,32.458548,0 -116.818033,32.458544,0 -116.818038,32.45854,0 -116.818044,32.458536,0 -116.818049,32.458532,0 -116.818055,32.458528,0 -116.81806,32.458524,0 -116.818065,32.45852,0 -116.818071,32.458516,0 -116.818076,32.458512,0 -116.818082,32.458508,0 -116.818087,32.458504,0 -116.818093,32.4585,0 -116.818098,32.458496,0 -116.818104,32.458492,0 -116.818109,32.458488,0 -116.818115,32.458485,0 -116.818125,32.458477,0 -116.818131,32.458473,0 -116.818137,32.458469,0 -116.818142,32.458465,0 -116.818148,32.458461,0 -116.818153,32.458457,0 -116.818159,32.458454,0 -116.818164,32.45845,0 -116.81817,32.458446,0 -116.818175,32.458442,0 -116.818181,32.458438,0 -116.818186,32.458434,0 -116.818192,32.458431,0 -116.818198,32.458427,0 -116.818203,32.458423,0 -116.818209,32.458419,0 -116.818214,32.458416,0 -116.81822,32.458412,0 -116.818226,32.458408,0 -116.818231,32.458404,0 -116.818237,32.458401,0 -116.818243,32.458397,0 -116.818248,32.458393,0 -116.818254,32.458389,0 -116.81826,32.458386,0 -116.818265,32.458382,0 -116.818271,32.458378,0 -116.818277,32.458375,0 -116.818282,32.458371,0 -116.818288,32.458367,0 -116.818294,32.458364,0 -116.8183,32.45836,0 -116.818305,32.458356,0 -116.818311,32.458353,0 -116.818317,32.458349,0 -116.818323,32.458345,0 -116.818328,32.458342,0 -116.818334,32.458338,0 -116.81834,32.458335,0 -116.818346,32.458331,0 -116.818351,32.458327,0 -116.818357,32.458324,0 -116.818363,32.45832,0 -116.818369,32.458317,0 -116.818375,32.458313,0 -116.818381,32.45831,0 -116.818386,32.458306,0 -116.818392,32.458303,0 -116.818398,32.458299,0 -116.818404,32.458296,0 -116.81841,32.458292,0 -116.818416,32.458289,0 -116.818422,32.458285,0 -116.818427,32.458282,0 -116.818433,32.458278,0 -116.818439,32.458275,0 -116.818445,32.458271,0 -116.818451,32.458268,0 -116.818457,32.458264,0 -116.818463,32.458261,0 -116.818469,32.458258,0 -116.818475,32.458254,0 -116.818481,32.458251,0 -116.818487,32.458247,0 -116.818493,32.458244,0 -116.818498,32.458241,0 -116.818504,32.458237,0 -116.81851,32.458234,0 -116.818516,32.458231,0 -116.818522,32.458227,0 -116.818528,32.458224,0 -116.818534,32.458221,0 -116.81854,32.458217,0 -116.818546,32.458214,0 -116.818552,32.458211,0 -116.818558,32.458207,0 -116.818564,32.458204,0 -116.818571,32.458201,0 -116.818577,32.458198,0 -116.818583,32.458194,0 -116.818589,32.458191,0 -116.818595,32.458188,0 -116.818601,32.458185,0 -116.818607,32.458181,0 -116.818613,32.458178,0 -116.818619,32.458175,0 -116.818625,32.458172,0 -116.818631,32.458169,0 -116.818637,32.458166,0 -116.818643,32.458162,0 -116.81865,32.458159,0 -116.818656,32.458156,0 -116.818662,32.458153,0 -116.818668,32.45815,0 -116.818674,32.458147,0 -116.81868,32.458144,0 -116.827089,32.456547,0 -116.827227,32.457014,0 -116.827227,32.457015,0 -116.827226,32.457016,0 -116.827226,32.457017,0 -116.827226,32.457018,0 -116.827226,32.457019,0 -116.827226,32.45702,0 -116.827225,32.457021,0 -116.827225,32.457022,0 -116.827225,32.457024,0 -116.827225,32.457025,0 -116.827224,32.457026,0 -116.827224,32.457027,0 -116.827224,32.457028,0 -116.827224,32.457029,0 -116.827223,32.45703,0 -116.827223,32.457031,0 -116.827223,32.457032,0 -116.827222,32.457033,0 -116.827222,32.457034,0 -116.827222,32.457035,0 -116.827221,32.457036,0 -116.827221,32.457037,0 -116.827221,32.457038,0 -116.82722,32.457039,0 -116.82722,32.45704,0 -116.827219,32.457042,0 -116.827219,32.457043,0 -116.827219,32.457044,0 -116.827218,32.457045,0 -116.827218,32.457046,0 -116.827217,32.457047,0 -116.827217,32.457048,0 -116.827216,32.457049,0 -116.827216,32.45705,0 -116.827215,32.457051,0 -116.827215,32.457052,0 -116.827214,32.457053,0 -116.827214,32.457054,0 -116.827213,32.457055,0 -116.827213,32.457056,0 -116.827212,32.457057,0 -116.827212,32.457058,0 -116.827211,32.457059,0 -116.827211,32.45706,0 -116.82721,32.457061,0 -116.82721,32.457062,0 -116.827209,32.457063,0 -116.827208,32.457064,0 -116.827208,32.457065,0 -116.827207,32.457066,0 -116.827207,32.457067,0 -116.827206,32.457068,0 -116.827205,32.457068,0 -116.827205,32.457069,0 -116.827204,32.45707,0 -116.827203,32.457071,0 -116.827203,32.457072,0 -116.827202,32.457073,0 -116.827201,32.457074,0 -116.827201,32.457075,0 -116.8272,32.457076,0 -116.827199,32.457077,0 -116.827199,32.457078,0 -116.827198,32.457079,0 -116.827197,32.45708,0 -116.827196,32.457081,0 -116.827195,32.457082,0 -116.827194,32.457083,0 -116.827193,32.457084,0 -116.827193,32.457085,0 -116.827192,32.457086,0 -116.827191,32.457087,0 -116.82719,32.457088,0 -116.827189,32.457088,0 -116.827189,32.457089,0 -116.827188,32.45709,0 -116.827187,32.457091,0 -116.827186,32.457092,0 -116.827185,32.457093,0 -116.827181,32.457097,0 -116.82718,32.457097,0 -116.827179,32.457098,0 -116.827178,32.457099,0 -116.827177,32.4571,0 -116.827177,32.457101,0 -116.827176,32.457101,0 -116.827175,32.457102,0 -116.827174,32.457103,0 -116.827172,32.457104,0 -116.827171,32.457105,0 -116.82717,32.457106,0 -116.827169,32.457107,0 -116.827168,32.457107,0 -116.827167,32.457108,0 -116.827166,32.457109,0 -116.827165,32.457109,0 -116.827164,32.45711,0 -116.827163,32.457111,0 -116.827162,32.457111,0 -116.82716,32.457113,0 -116.827159,32.457114,0 -116.827158,32.457114,0 -116.827157,32.457115,0 -116.827156,32.457115,0 -116.827155,32.457116,0 -116.827154,32.457117,0 -116.827153,32.457117,0 -116.827151,32.457119,0 -116.82715,32.457119,0 -116.827149,32.45712,0 -116.827147,32.45712,0 -116.827146,32.457121,0 -116.827145,32.457122,0 -116.827144,32.457122,0 -116.827143,32.457123,0 -116.827142,32.457123,0 -116.827141,32.457124,0 -116.82714,32.457124,0 -116.827139,32.457125,0 -116.827137,32.457125,0 -116.827136,32.457126,0 -116.827135,32.457126,0 -116.827134,32.457127,0 -116.827133,32.457127,0 -116.827132,32.457128,0 -116.827131,32.457128,0 -116.827127,32.45713,0 -116.827126,32.45713,0 -116.827125,32.457131,0 -116.827124,32.457131,0 -116.827122,32.457132,0 -116.827121,32.457132,0 -116.82712,32.457133,0 -116.827119,32.457133,0 -116.827118,32.457133,0 -116.827116,32.457134,0 -116.827115,32.457134,0 -116.827114,32.457135,0 -116.827113,32.457135,0 -116.827112,32.457135,0 -116.82711,32.457136,0 -116.827109,32.457136,0 -116.827108,32.457136,0 -116.827107,32.457137,0 -116.827104,32.457137,0 -116.827103,32.457138,0 -116.827101,32.457138,0 -116.827099,32.457139,0 -116.827097,32.457139,0 -116.827096,32.457139,0 -116.827094,32.45714,0 -116.827093,32.45714,0 -116.827092,32.45714,0 -116.827091,32.45714,0 -116.827089,32.457141,0 -116.827088,32.457141,0 -116.827084,32.457141,0 -116.827083,32.457142,0 -116.827078,32.457142,0 -116.827077,32.457142,0 -116.827074,32.457143,0 -116.827068,32.457143,0 -116.827063,32.457144,0 -116.827057,32.457145,0 -116.827052,32.457146,0 -116.827046,32.457147,0 -116.827041,32.457147,0 -116.827035,32.457148,0 -116.82703,32.45715,0 -116.827024,32.457151,0 -116.827019,32.457152,0 -116.827013,32.457153,0 -116.827008,32.457155,0 -116.827002,32.457156,0 -116.826997,32.457158,0 -116.826992,32.457159,0 -116.826987,32.457161,0 -116.826981,32.457163,0 -116.826976,32.457164,0 -116.826971,32.457166,0 -116.826966,32.457168,0 -116.826961,32.45717,0 -116.826955,32.457172,0 -116.82695,32.457174,0 -116.826945,32.457176,0 -116.82694,32.457179,0 -116.826935,32.457181,0 -116.82693,32.457183,0 -116.826926,32.457186,0 -116.826921,32.457188,0 -116.826916,32.457191,0 -116.826911,32.457193,0 -116.826907,32.457196,0 -116.826902,32.457199,0 -116.826897,32.457201,0 -116.826893,32.457204,0 -116.826888,32.457207,0 -116.826884,32.45721,0 -116.826879,32.457213,0 -116.826867,32.457222,0 -116.826862,32.457226,0 -116.826858,32.457229,0 -116.826854,32.457232,0 -116.82685,32.457236,0 -116.826846,32.457239,0 -116.826842,32.457242,0 -116.826839,32.457246,0 -116.826835,32.45725,0 -116.826831,32.457253,0 -116.826828,32.457257,0 -116.826824,32.457261,0 -116.826821,32.457264,0 -116.826817,32.457268,0 -116.826814,32.457272,0 -116.82681,32.457276,0 -116.826795,32.457296,0 -116.826789,32.457304,0 -116.826787,32.457308,0 -116.826784,32.457312,0 -116.826781,32.457317,0 -116.826779,32.457321,0 -116.826776,32.457325,0 -116.826774,32.45733,0 -116.826772,32.457334,0 -116.82677,32.457338,0 -116.826767,32.457343,0 -116.826765,32.457347,0 -116.826763,32.457352,0 -116.826762,32.457356,0 -116.82676,32.457361,0 -116.826758,32.457365,0 -116.826756,32.45737,0 -116.826755,32.457375,0 -116.826753,32.457379,0 -116.826752,32.457384,0 -116.826751,32.457388,0 -116.826749,32.457393,0 -116.826748,32.457398,0 -116.826747,32.457402,0 -116.826744,32.457417,0 -116.826744,32.457421,0 -116.826742,32.457431,0 -116.826742,32.457436,0 -116.826742,32.45744,0 -116.826741,32.457445,0 -116.826741,32.45745,0 -116.826741,32.457455,0 -116.826741,32.457459,0 -116.826741,32.457479,0 -116.826742,32.457483,0 -116.826742,32.457488,0 -116.826743,32.457493,0 -116.826743,32.457498,0 -116.826744,32.457502,0 -116.826745,32.457507,0 -116.826745,32.457512,0 -116.826746,32.457517,0 -116.826747,32.457521,0 -116.826748,32.457526,0 -116.82675,32.457531,0 -116.826751,32.457535,0 -116.826752,32.45754,0 -116.826754,32.457545,0 -116.826755,32.457549,0 -116.826757,32.457554,0 -116.826758,32.457558,0 -116.82676,32.457563,0 -116.826762,32.457567,0 -116.826764,32.457572,0 -116.826766,32.457576,0 -116.826768,32.457581,0 -116.82677,32.457585,0 -116.826772,32.45759,0 -116.826775,32.457594,0 -116.826777,32.457598,0 -116.826779,32.457603,0 -116.826782,32.457607,0 -116.826784,32.457611,0 -116.826787,32.457615,0 -116.82679,32.45762,0 -116.826793,32.457624,0 -116.826796,32.457628,0 -116.826799,32.457632,0 -116.826814,32.457652,0 -116.826825,32.457663,0 -116.826828,32.457667,0 -116.826832,32.45767,0 -116.826836,32.457674,0 -116.826839,32.457678,0 -116.826843,32.457681,0 -116.826847,32.457685,0 -116.826855,32.457691,0 -116.826859,32.457695,0 -116.826863,32.457698,0 -116.826867,32.457701,0 -116.826872,32.457704,0 -116.826876,32.457707,0 -116.82688,32.45771,0 -116.826885,32.457713,0 -116.826889,32.457716,0 -116.826894,32.457719,0 -116.826898,32.457722,0 -116.826903,32.457725,0 -116.826908,32.457727,0 -116.826912,32.45773,0 -116.826917,32.457733,0 -116.826922,32.457735,0 -116.826927,32.457738,0 -116.826931,32.45774,0 -116.826936,32.457742,0 -116.826941,32.457745,0 -116.826956,32.457751,0 -116.826962,32.457753,0 -116.826982,32.457761,0 -116.826988,32.457762,0 -116.826993,32.457764,0 -116.826995,32.457764,0 -116.826996,32.457765,0 -116.826998,32.457765,0 -116.826999,32.457766,0 -116.827001,32.457766,0 -116.827003,32.457767,0 -116.827004,32.457767,0 -116.827006,32.457768,0 -116.827007,32.457768,0 -116.827009,32.457769,0 -116.827011,32.457769,0 -116.827012,32.45777,0 -116.827014,32.45777,0 -116.827016,32.457771,0 -116.827017,32.457771,0 -116.827019,32.457772,0 -116.82702,32.457772,0 -116.827022,32.457773,0 -116.827024,32.457773,0 -116.827025,32.457774,0 -116.827027,32.457774,0 -116.827028,32.457775,0 -116.82703,32.457775,0 -116.827032,32.457776,0 -116.827033,32.457776,0 -116.827035,32.457777,0 -116.827036,32.457777,0 -116.827038,32.457778,0 -116.82704,32.457778,0 -116.827041,32.457779,0 -116.827043,32.45778,0 -116.827044,32.45778,0 -116.827046,32.457781,0 -116.827048,32.457781,0 -116.827049,32.457782,0 -116.827051,32.457782,0 -116.827052,32.457783,0 -116.827054,32.457783,0 -116.827056,32.457784,0 -116.827057,32.457784,0 -116.827059,32.457785,0 -116.82706,32.457785,0 -116.827062,32.457786,0 -116.827064,32.457786,0 -116.827065,32.457787,0 -116.827067,32.457787,0 -116.827068,32.457788,0 -116.82707,32.457789,0 -116.827072,32.457789,0 -116.827073,32.45779,0 -116.827075,32.45779,0 -116.827076,32.457791,0 -116.827078,32.457791,0 -116.827081,32.457792,0 -116.827083,32.457793,0 -116.827084,32.457793,0 -116.827088,32.457795,0 -116.827089,32.457795,0 -116.827091,32.457796,0 -116.827092,32.457796,0 -116.827094,32.457797,0 -116.827096,32.457797,0 -116.827097,32.457798,0 -116.827099,32.457798,0 -116.8271,32.457799,0 -116.827102,32.4578,0 -116.827103,32.4578,0 -116.827105,32.457801,0 -116.827107,32.457801,0 -116.827108,32.457802,0 -116.82711,32.457802,0 -116.827111,32.457803,0 -116.827113,32.457803,0 -116.827115,32.457804,0 -116.827116,32.457805,0 -116.827118,32.457805,0 -116.827119,32.457806,0 -116.827121,32.457806,0 -116.827122,32.457807,0 -116.827124,32.457807,0 -116.827126,32.457808,0 -116.827127,32.457809,0 -116.827129,32.457809,0 -116.82713,32.45781,0 -116.827132,32.45781,0 -116.827134,32.457811,0 -116.827135,32.457812,0 -116.827137,32.457812,0 -116.827138,32.457813,0 -116.82714,32.457813,0 -116.827141,32.457814,0 -116.827143,32.457814,0 -116.827146,32.457816,0 -116.827148,32.457816,0 -116.827149,32.457817,0 -116.827151,32.457817,0 -116.827152,32.457818,0 -116.827154,32.457819,0 -116.827156,32.457819,0 -116.827157,32.45782,0 -116.827159,32.45782,0 -116.82716,32.457821,0 -116.827162,32.457822,0 -116.827163,32.457822,0 -116.827165,32.457823,0 -116.827166,32.457823,0 -116.827168,32.457824,0 -116.82717,32.457825,0 -116.827171,32.457825,0 -116.827173,32.457826,0 -116.827174,32.457826,0 -116.827176,32.457827,0 -116.827177,32.457828,0 -116.827179,32.457828,0 -116.827181,32.457829,0 -116.827182,32.457829,0 -116.827184,32.45783,0 -116.827185,32.457831,0 -116.827187,32.457831,0 -116.827188,32.457832,0 -116.82719,32.457833,0 -116.827191,32.457833,0 -116.827193,32.457834,0 -116.827195,32.457834,0 -116.827196,32.457835,0 -116.827198,32.457836,0 -116.827199,32.457836,0 -116.827201,32.457837,0 -116.827202,32.457838,0 -116.827204,32.457838,0 -116.827205,32.457839,0 -116.827207,32.457839,0 -116.827208,32.45784,0 -116.82721,32.457841,0 -116.827212,32.457841,0 -116.827213,32.457842,0 -116.827215,32.457843,0 -116.827216,32.457843,0 -116.827218,32.457844,0 -116.827219,32.457845,0 -116.827221,32.457845,0 -116.827222,32.457846,0 -116.827224,32.457846,0 -116.827225,32.457847,0 -116.827227,32.457848,0 -116.827229,32.457848,0 -116.82723,32.457849,0 -116.827232,32.45785,0 -116.827233,32.45785,0 -116.827235,32.457851,0 -116.827236,32.457852,0 -116.827238,32.457852,0 -116.827239,32.457853,0 -116.827241,32.457854,0 -116.827242,32.457854,0 -116.827244,32.457855,0 -116.827245,32.457856,0 -116.827247,32.457856,0 -116.827248,32.457857,0 -116.82725,32.457858,0 -116.827252,32.457858,0 -116.827253,32.457859,0 -116.827255,32.457859,0 -116.827256,32.45786,0 -116.827258,32.457861,0 -116.827259,32.457861,0 -116.827261,32.457862,0 -116.827262,32.457863,0 -116.827264,32.457863,0 -116.827265,32.457864,0 -116.827267,32.457865,0 -116.827268,32.457866,0 -116.82727,32.457866,0 -116.827271,32.457867,0 -116.827273,32.457868,0 -116.827274,32.457868,0 -116.827276,32.457869,0 -116.831726,32.462416,0 -116.836334,32.459546,0 -116.836336,32.459545,0 -116.836338,32.459543,0 -116.83634,32.459542,0 -116.836342,32.459541,0 -116.836344,32.45954,0 -116.836346,32.459539,0 -116.836348,32.459538,0 -116.83635,32.459536,0 -116.836352,32.459535,0 -116.836354,32.459534,0 -116.836356,32.459533,0 -116.836358,32.459532,0 -116.83636,32.459531,0 -116.836362,32.45953,0 -116.836365,32.459529,0 -116.836367,32.459528,0 -116.836369,32.459527,0 -116.836371,32.459526,0 -116.836373,32.459525,0 -116.836375,32.459524,0 -116.836378,32.459523,0 -116.83638,32.459522,0 -116.836382,32.459521,0 -116.836384,32.45952,0 -116.836386,32.459519,0 -116.836389,32.459518,0 -116.836391,32.459518,0 -116.836393,32.459517,0 -116.836395,32.459516,0 -116.836398,32.459515,0 -116.8364,32.459514,0 -116.836402,32.459514,0 -116.836404,32.459513,0 -116.836407,32.459512,0 -116.836409,32.459511,0 -116.836411,32.459511,0 -116.836414,32.45951,0 -116.836416,32.459509,0 -116.836418,32.459508,0 -116.83642,32.459508,0 -116.836423,32.459507,0 -116.836425,32.459506,0 -116.836427,32.459506,0 -116.83643,32.459505,0 -116.836432,32.459505,0 -116.836435,32.459504,0 -116.836437,32.459504,0 -116.836439,32.459503,0 -116.836442,32.459502,0 -116.836444,32.459502,0 -116.836446,32.459501,0 -116.836449,32.459501,0 -116.836451,32.459501,0 -116.836454,32.4595,0 -116.836456,32.4595,0 -116.836458,32.459499,0 -116.836461,32.459499,0 -116.836463,32.459498,0 -116.836466,32.459498,0 -116.836468,32.459498,0 -116.83647,32.459497,0 -116.836473,32.459497,0 -116.836475,32.459497,0 -116.836478,32.459497,0 -116.83648,32.459496,0 -116.836483,32.459496,0 -116.836485,32.459496,0 -116.836487,32.459496,0 -116.83649,32.459495,0 -116.836492,32.459495,0 -116.836495,32.459495,0 -116.836497,32.459495,0 -116.8365,32.459495,0 -116.836502,32.459495,0 -116.836505,32.459494,0 -116.836507,32.459494,0 -116.836509,32.459494,0 -116.836512,32.459494,0 -116.836514,32.459494,0 -116.836517,32.459494,0 -116.836519,32.459494,0 -116.836522,32.459494,0 -116.836524,32.459494,0 -116.836527,32.459494,0 -116.836529,32.459494,0 -116.836532,32.459494,0 -116.836534,32.459494,0 -116.836536,32.459495,0 -116.836539,32.459495,0 -116.836541,32.459495,0 -116.836544,32.459495,0 -116.836546,32.459495,0 -116.836549,32.459495,0 -116.836551,32.459495,0 -116.836554,32.459496,0 -116.836556,32.459496,0 -116.836558,32.459496,0 -116.836561,32.459496,0 -116.836563,32.459497,0 -116.836566,32.459497,0 -116.836568,32.459497,0 -116.836571,32.459498,0 -116.836573,32.459498,0 -116.836575,32.459498,0 -116.836578,32.459499,0 -116.83658,32.459499,0 -116.836583,32.4595,0 -116.836585,32.4595,0 -116.836587,32.4595,0 -116.83659,32.459501,0 -116.836592,32.459501,0 -116.836595,32.459502,0 -116.836597,32.459502,0 -116.836599,32.459503,0 -116.836602,32.459503,0 -116.836604,32.459504,0 -116.836606,32.459504,0 -116.836609,32.459505,0 -116.836611,32.459506,0 -116.836613,32.459506,0 -116.836616,32.459507,0 -116.836618,32.459508,0 -116.83662,32.459508,0 -116.836623,32.459509,0 -116.836625,32.45951,0 -116.836627,32.45951,0 -116.83663,32.459511,0 -116.836632,32.459512,0 -116.836634,32.459512,0 -116.836637,32.459513,0 -116.836639,32.459514,0 -116.836641,32.459515,0 -116.836643,32.459516,0 -116.836646,32.459516,0 -116.836648,32.459517,0 -116.83665,32.459518,0 -116.836652,32.459519,0 -116.836654,32.45952,0 -116.836657,32.459521,0 -116.836659,32.459522,0 -116.836661,32.459523,0 -116.836663,32.459524,0 -116.836665,32.459525,0 -116.836668,32.459526,0 -116.83667,32.459527,0 -116.836672,32.459528,0 -116.836674,32.459529,0 -116.836676,32.45953,0 -116.836678,32.459531,0 -116.83668,32.459532,0 -116.836683,32.459533,0 -116.836685,32.459534,0 -116.836687,32.459535,0 -116.836689,32.459536,0 -116.836691,32.459537,0 -116.836693,32.459538,0 -116.836695,32.459539,0 -116.836697,32.459541,0 -116.836699,32.459542,0 -116.836701,32.459543,0 -116.836703,32.459544,0 -116.836705,32.459545,0 -116.836707,32.459547,0 -116.836709,32.459548,0 -116.836711,32.459549,0 -116.836713,32.45955,0 -116.836715,32.459552,0 -116.836717,32.459553,0 -116.836719,32.459554,0 -116.83672,32.459556,0 -116.836722,32.459557,0 -116.836724,32.459558,0 -116.836726,32.45956,0 -116.836728,32.459561,0 -116.83673,32.459562,0 -116.836732,32.459564,0 -116.836735,32.459567,0 -116.836737,32.459568,0 -116.836739,32.45957,0 -116.836742,32.459572,0 -116.836745,32.459575,0 -116.836749,32.459578,0 -116.836752,32.459581,0 -116.836756,32.459584,0 -116.836759,32.459586,0 -116.836762,32.459589,0 -116.836766,32.459592,0 -116.836769,32.459595,0 -116.836773,32.459597,0 -116.836776,32.4596,0 -116.83678,32.459603,0 -116.836783,32.459606,0 -116.836786,32.459609,0 -116.83679,32.459611,0 -116.836793,32.459614,0 -116.836797,32.459617,0 -116.836803,32.459623,0 -116.836807,32.459625,0 -116.83681,32.459628,0 -116.836814,32.459631,0 -116.836817,32.459634,0 -116.836821,32.459636,0 -116.836824,32.459639,0 -116.836827,32.459642,0 -116.836831,32.459645,0 -116.836834,32.459647,0 -116.836838,32.45965,0 -116.836841,32.459653,0 -116.836845,32.459656,0 -116.836848,32.459659,0 -116.836852,32.459661,0 -116.836855,32.459664,0 -116.836858,32.459667,0 -116.836862,32.45967,0 -116.836865,32.459672,0 -116.836869,32.459675,0 -116.836872,32.459678,0 -116.836876,32.459681,0 -116.836879,32.459683,0 -116.836883,32.459686,0 -116.836889,32.459692,0 -116.836893,32.459694,0 -116.836896,32.459697,0 -116.8369,32.4597,0 -116.836903,32.459703,0 -116.836907,32.459705,0 -116.83691,32.459708,0 -116.836914,32.459711,0 -116.836917,32.459714,0 -116.836921,32.459716,0 -116.836924,32.459719,0 -116.836928,32.459722,0 -116.836931,32.459724,0 -116.836935,32.459727,0 -116.836938,32.45973,0 -116.836941,32.459733,0 -116.836945,32.459735,0 -116.836948,32.459738,0 -116.836952,32.459741,0 -116.836955,32.459744,0 -116.836959,32.459746,0 -116.836962,32.459749,0 -116.836966,32.459752,0 -116.836969,32.459754,0 -116.836973,32.459757,0 -116.836976,32.45976,0 -116.83698,32.459763,0 -116.836983,32.459765,0 -116.836987,32.459768,0 -116.83699,32.459771,0 -116.836994,32.459773,0 -116.836997,32.459776,0 -116.837001,32.459779,0 -116.837004,32.459782,0 -116.837008,32.459784,0 -116.837011,32.459787,0 -116.837015,32.45979,0 -116.837018,32.459792,0 -116.837022,32.459795,0 -116.837025,32.459798,0 -116.837029,32.4598,0 -116.837032,32.459803,0 -116.837036,32.459806,0 -116.837039,32.459809,0 -116.837043,32.459811,0 -116.837046,32.459814,0 -116.83705,32.459817,0 -116.837053,32.459819,0 -116.837057,32.459822,0 -116.837061,32.459825,0 -116.837064,32.459827,0 -116.837068,32.45983,0 -116.837071,32.459833,0 -116.837075,32.459835,0 -116.837078,32.459838,0 -116.837082,32.459841,0 -116.837085,32.459843,0 -116.837089,32.459846,0 -116.837092,32.459849,0 -116.837096,32.459852,0 -116.837099,32.459854,0 -116.837103,32.459857,0 -116.837106,32.45986,0 -116.83711,32.459862,0 -116.837114,32.459865,0 -116.837117,32.459868,0 -116.837121,32.45987,0 -116.837124,32.459873,0 -116.837128,32.459876,0 -116.837131,32.459878,0 -116.837135,32.459881,0 -116.837138,32.459884,0 -116.837142,32.459886,0 -116.837145,32.459889,0 -116.837149,32.459891,0 -116.837153,32.459894,0 -116.837156,32.459897,0 -116.83716,32.459899,0 -116.837163,32.459902,0 -116.837167,32.459905,0 -116.83717,32.459907,0 -116.837174,32.45991,0 -116.837178,32.459913,0 -116.837181,32.459915,0 -116.837185,32.459918,0 -116.837188,32.459921,0 -116.837192,32.459923,0 -116.837195,32.459926,0 -116.837199,32.459929,0 -116.837203,32.459931,0 -116.837206,32.459934,0 -116.83721,32.459936,0 -116.837213,32.459939,0 -116.837217,32.459942,0 -116.83722,32.459944,0 -116.837228,32.45995,0 -116.837231,32.459952,0 -116.837235,32.459955,0 -116.837238,32.459957,0 -116.837242,32.45996,0 -116.837246,32.459963,0 -116.837249,32.459965,0 -116.837253,32.459968,0 -116.837256,32.459971,0 -116.83726,32.459973,0 -116.837264,32.459976,0 -116.837267,32.459978,0 -116.837271,32.459981,0 -116.837274,32.459984,0 -116.837278,32.459986,0 -116.837282,32.459989,0 -116.837285,32.459991,0 -116.837289,32.459994,0 -116.837292,32.459997,0 -116.837296,32.459999,0 -116.8373,32.460002,0 -116.837303,32.460004,0 -116.837307,32.460007,0 -116.83731,32.46001,0 -116.837314,32.460012,0 -116.837318,32.460015,0 -116.837321,32.460017,0 -116.837325,32.46002,0 -116.837329,32.460023,0 -116.837332,32.460025,0 -116.837336,32.460028,0 -116.837339,32.46003,0 -116.837343,32.460033,0 -116.837347,32.460036,0 -116.83735,32.460038,0 -116.837354,32.460041,0 -116.837358,32.460043,0 -116.837361,32.460046,0 -116.837365,32.460048,0 -116.837368,32.460051,0 -116.837372,32.460054,0 -116.837373,32.460055,0 -116.837375,32.460055,0 -116.837376,32.460056,0 -116.837378,32.460058,0 -116.83738,32.460059,0 -116.837381,32.46006,0 -116.837382,32.460061,0 -116.837384,32.460063,0 -116.837386,32.460064,0 -116.837387,32.460065,0 -116.83739,32.460068,0 -116.837391,32.46007,0 -116.837393,32.460072,0 -116.837394,32.460073,0 -116.837395,32.460074,0 -116.837397,32.460075,0 -116.8374,32.460078,0 -116.837401,32.46008,0 -116.837401,32.460081,0 -116.837404,32.460084,0 -116.837405,32.460086,0 -116.837406,32.460087,0 -116.837407,32.460088,0 -116.837408,32.460089,0 -116.837409,32.46009,0 -116.83741,32.460092,0 -116.83741,32.460093,0 -116.837411,32.460094,0 -116.837412,32.460095,0 -116.837413,32.460097,0 -116.837414,32.460098,0 -116.837414,32.460099,0 -116.837415,32.4601,0 -116.837416,32.460102,0 -116.837416,32.460103,0 -116.837417,32.460104,0 -116.837418,32.460107,0 -116.837419,32.460108,0 -116.83742,32.46011,0 -116.837421,32.460112,0 -116.837421,32.460114,0 -116.837423,32.460116,0 -116.837423,32.460118,0 -116.837424,32.460119,0 -116.837424,32.46012,0 -116.837425,32.460122,0 -116.837425,32.460123,0 -116.837425,32.460124,0 -116.837426,32.460126,0 -116.837426,32.460127,0 -116.837427,32.460129,0 -116.837427,32.46013,0 -116.837427,32.460131,0 -116.837428,32.460133,0 -116.837428,32.460134,0 -116.837428,32.460135,0 -116.837429,32.460137,0 -116.837429,32.460138,0 -116.837429,32.46014,0 -116.83743,32.460141,0 -116.83743,32.460143,0 -116.83743,32.460144,0 -116.83743,32.460145,0 -116.83743,32.460148,0 -116.837431,32.460151,0 -116.837431,32.460154,0 -116.837431,32.460155,0 -116.837431,32.460157,0 -116.837431,32.460158,0 -116.837431,32.46016,0 -116.837431,32.460161,0 -116.837431,32.460162,0 -116.837431,32.460165,0 -116.837431,32.460167,0 -116.837431,32.460168,0 -116.837431,32.460169,0 -116.837431,32.460171,0 -116.837431,32.460172,0 -116.83743,32.460174,0 -116.83743,32.460177,0 -116.83743,32.460178,0 -116.83743,32.460179,0 -116.837429,32.460181,0 -116.837429,32.460182,0 -116.837429,32.460185,0 -116.837428,32.460186,0 -116.837428,32.460188,0 -116.837428,32.460189,0 -116.837427,32.460192,0 -116.837427,32.460193,0 -116.837426,32.460195,0 -116.837426,32.460196,0 -116.837425,32.460197,0 -116.837425,32.460199,0 -116.837424,32.4602,0 -116.837424,32.460202,0 -116.837423,32.460203,0 -116.837423,32.460204,0 -116.837422,32.460206,0 -116.837422,32.460207,0 -116.837421,32.460208,0 -116.837421,32.46021,0 -116.83742,32.460211,0 -116.837419,32.460212,0 -116.837419,32.460214,0 -116.837418,32.460215,0 -116.837418,32.460216,0 -116.837417,32.460218,0 -116.837416,32.460219,0 -116.837415,32.46022,0 -116.837415,32.460221,0 -116.837414,32.460223,0 -116.837412,32.460225,0 -116.837412,32.460226,0 -116.837411,32.460228,0 -116.83741,32.460229,0 -116.837409,32.46023,0 -116.837408,32.460231,0 -116.837408,32.460233,0 -116.837405,32.460236,0 -116.837404,32.460237,0 -116.837403,32.460239,0 -116.837402,32.46024,0 -116.837401,32.460241,0 -116.837399,32.460243,0 -116.837398,32.460244,0 -116.837397,32.460246,0 -116.837393,32.46025,0 -116.837392,32.460251,0 -116.837389,32.460254,0 -116.837387,32.460255,0 -116.837384,32.460258,0 -116.837383,32.460259,0 -116.837382,32.46026,0 -116.83738,32.460261,0 -116.837379,32.460262,0 -116.837378,32.460263,0 -116.837377,32.460264,0 -116.837375,32.460265,0 -116.837374,32.460266,0 -116.837373,32.460267,0 -116.837372,32.460268,0 -116.83737,32.460269,0 -116.837369,32.46027,0 -116.837368,32.460271,0 -116.837365,32.460272,0 -116.837364,32.460273,0 -116.837362,32.460274,0 -116.837361,32.460275,0 -116.831879,32.463753,0 -116.831875,32.463756,0 -116.831865,32.463762,0 -116.831861,32.463765,0 -116.831856,32.463768,0 -116.831851,32.463771,0 -116.831846,32.463774,0 -116.831842,32.463777,0 -116.831837,32.46378,0 -116.831832,32.463783,0 -116.831828,32.463786,0 -116.831818,32.463792,0 -116.831814,32.463795,0 -116.831804,32.463801,0 -116.8318,32.463804,0 -116.831795,32.463807,0 -116.83179,32.46381,0 -116.831786,32.463813,0 -116.831781,32.463816,0 -116.831776,32.463819,0 -116.831772,32.463822,0 -116.831762,32.463828,0 -116.831758,32.463831,0 -116.831753,32.463834,0 -116.831748,32.463837,0 -116.831744,32.46384,0 -116.831739,32.463843,0 -116.831735,32.463846,0 -116.83173,32.463849,0 -116.831725,32.463853,0 -116.831721,32.463856,0 -116.831711,32.463862,0 -116.831707,32.463865,0 -116.831702,32.463868,0 -116.831697,32.463871,0 -116.831693,32.463874,0 -116.831688,32.463877,0 -116.831684,32.46388,0 -116.831679,32.463883,0 -116.831674,32.463886,0 -116.83167,32.463889,0 -116.831665,32.463893,0 -116.831661,32.463896,0 -116.831651,32.463902,0 -116.831647,32.463905,0 -116.831642,32.463908,0 -116.831638,32.463911,0 -116.831633,32.463914,0 -116.831628,32.463917,0 -116.831624,32.46392,0 -116.831619,32.463924,0 -116.831615,32.463927,0 -116.83161,32.46393,0 -116.831606,32.463933,0 -116.831601,32.463936,0 -116.831596,32.463939,0 -116.831592,32.463942,0 -116.831587,32.463945,0 -116.831583,32.463949,0 -116.831578,32.463952,0 -116.831574,32.463955,0 -116.831569,32.463958,0 -116.831564,32.463961,0 -116.83156,32.463964,0 -116.831555,32.463967,0 -116.831551,32.463971,0 -116.831546,32.463974,0 -116.831542,32.463977,0 -116.831537,32.46398,0 -116.831533,32.463983,0 -116.831528,32.463986,0 -116.831523,32.46399,0 -116.831519,32.463993,0 -116.831514,32.463996,0 -116.83151,32.463999,0 -116.831505,32.464002,0 -116.831501,32.464005,0 -116.831496,32.464009,0 -116.831492,32.464012,0 -116.831487,32.464015,0 -116.831483,32.464018,0 -116.831478,32.464021,0 -116.831474,32.464024,0 -116.831469,32.464028,0 -116.831465,32.464031,0 -116.83146,32.464034,0 -116.831456,32.464037,0 -116.831451,32.46404,0 -116.831447,32.464044,0 -116.831442,32.464047,0 -116.831438,32.46405,0 -116.831433,32.464053,0 -116.831429,32.464057,0 -116.831424,32.46406,0 -116.83142,32.464063,0 -116.831415,32.464066,0 -116.831411,32.464069,0 -116.831406,32.464073,0 -116.831402,32.464076,0 -116.831397,32.464079,0 -116.831393,32.464082,0 -116.831388,32.464086,0 -116.831384,32.464089,0 -116.831379,32.464092,0 -116.831375,32.464095,0 -116.831371,32.464098,0 -116.831366,32.464102,0 -116.831362,32.464105,0 -116.831357,32.464108,0 -116.831353,32.464111,0 -116.831348,32.464115,0 -116.831344,32.464118,0 -116.831339,32.464121,0 -116.831335,32.464125,0 -116.831331,32.464128,0 -116.831326,32.464131,0 -116.831322,32.464134,0 -116.831317,32.464138,0 -116.831313,32.464141,0 -116.831308,32.464144,0 -116.831304,32.464147,0 -116.8313,32.464151,0 -116.831295,32.464154,0 -116.831291,32.464157,0 -116.831286,32.464161,0 -116.831282,32.464164,0 -116.831277,32.464167,0 -116.831273,32.46417,0 -116.831269,32.464174,0 -116.831264,32.464177,0 -116.83126,32.46418,0 -116.831255,32.464184,0 -116.831247,32.46419,0 -116.831242,32.464193,0 -116.831238,32.464197,0 -116.831233,32.4642,0 -116.831229,32.464203,0 -116.831225,32.464207,0 -116.83122,32.46421,0 -116.831216,32.464213,0 -116.831212,32.464217,0 -116.831207,32.46422,0 -116.831203,32.464223,0 -116.831198,32.464227,0 -116.83119,32.464233,0 -116.831185,32.464237,0 -116.831181,32.46424,0 -116.831177,32.464243,0 -116.831172,32.464247,0 -116.831168,32.46425,0 -116.831164,32.464253,0 -116.831159,32.464257,0 -116.831155,32.46426,0 -116.831151,32.464263,0 -116.831146,32.464267,0 -116.831142,32.46427,0 -116.831137,32.464274,0 -116.831129,32.46428,0 -116.831124,32.464284,0 -116.83112,32.464287,0 -116.831116,32.46429,0 -116.831112,32.464294,0 -116.831107,32.464297,0 -116.831103,32.4643,0 -116.831099,32.464304,0 -116.831094,32.464307,0 -116.83109,32.464311,0 -116.831086,32.464314,0 -116.831081,32.464317,0 -116.831077,32.464321,0 -116.831073,32.464324,0 -116.831068,32.464328,0 -116.831065,32.46433,0 -116.831063,32.464332,0 -116.83106,32.464335,0 -116.831057,32.464337,0 -116.831054,32.464339,0 -116.831051,32.464342,0 -116.831048,32.464344,0 -116.831045,32.464347,0 -116.831039,32.464351,0 -116.831037,32.464354,0 -116.831034,32.464356,0 -116.831031,32.464359,0 -116.831028,32.464361,0 -116.831025,32.464364,0 -116.831023,32.464366,0 -116.83102,32.464369,0 -116.831017,32.464371,0 -116.831012,32.464376,0 -116.831009,32.464379,0 -116.831006,32.464381,0 -116.831004,32.464384,0 -116.831001,32.464387,0 -116.830998,32.464389,0 -116.830996,32.464392,0 -116.830993,32.464394,0 -116.83099,32.464397,0 -116.830982,32.464405,0 -116.830977,32.46441,0 -116.830975,32.464413,0 -116.830972,32.464415,0 -116.83097,32.464418,0 -116.830967,32.464421,0 -116.830965,32.464423,0 -116.830962,32.464426,0 -116.83096,32.464429,0 -116.830952,32.464437,0 -116.83095,32.46444,0 -116.830948,32.464442,0 -116.830945,32.464445,0 -116.830943,32.464448,0 -116.83094,32.464451,0 -116.830938,32.464454,0 -116.830936,32.464456,0 -116.830933,32.464459,0 -116.830929,32.464465,0 -116.830924,32.46447,0 -116.830922,32.464473,0 -116.83092,32.464476,0 -116.830917,32.464479,0 -116.830915,32.464482,0 -116.830913,32.464485,0 -116.830911,32.464488,0 -116.830909,32.46449,0 -116.830907,32.464493,0 -116.830904,32.464496,0 -116.830896,32.464508,0 -116.830894,32.464511,0 -116.830874,32.464541,0 -116.830872,32.464544,0 -116.83087,32.464547,0 -116.830864,32.464556,0 -116.830862,32.464559,0 -116.830861,32.464562,0 -116.830859,32.464565,0 -116.830857,32.464568,0 -116.830853,32.464574,0 -116.830852,32.464577,0 -116.830848,32.464583,0 -116.830847,32.464586,0 -116.830845,32.46459,0 -116.830841,32.464596,0 -116.83084,32.464599,0 -116.830838,32.464602,0 -116.830837,32.464605,0 -116.830835,32.464608,0 -116.830833,32.464611,0 -116.830832,32.464615,0 -116.83083,32.464618,0 -116.830829,32.464621,0 -116.830827,32.464624,0 -116.830826,32.464627,0 -116.830824,32.46463,0 -116.830823,32.464634,0 -116.830821,32.464637,0 -116.83082,32.46464,0 -116.830818,32.464643,0 -116.830817,32.464646,0 -116.830815,32.46465,0 -116.830814,32.464653,0 -116.830813,32.464656,0 -116.830811,32.464659,0 -116.83081,32.464663,0 -116.830809,32.464666,0 -116.830807,32.464669,0 -116.830806,32.464672,0 -116.830805,32.464676,0 -116.830803,32.464679,0 -116.830802,32.464682,0 -116.830801,32.464685,0 -116.8308,32.464689,0 -116.830798,32.464692,0 -116.830797,32.464695,0 -116.830796,32.464698,0 -116.830795,32.464702,0 -116.830794,32.464705,0 -116.830793,32.464708,0 -116.830792,32.464712,0 -116.83079,32.464715,0 -116.830789,32.464718,0 -116.830788,32.464721,0 -116.830787,32.464725,0 -116.830786,32.464728,0 -116.830785,32.464731,0 -116.830784,32.464735,0 -116.830783,32.464738,0 -116.830782,32.464741,0 -116.830781,32.464745,0 -116.83078,32.464748,0 -116.830779,32.464751,0 -116.830778,32.464755,0 -116.830778,32.464758,0 -116.830777,32.464761,0 -116.830776,32.464765,0 -116.830775,32.464768,0 -116.830774,32.464771,0 -116.830773,32.464775,0 -116.830773,32.464778,0 -116.830772,32.464781,0 -116.830771,32.464785,0 -116.83077,32.464788,0 -116.83077,32.464792,0 -116.830769,32.464795,0 -116.830768,32.464798,0 -116.830767,32.464802,0 -116.830767,32.464805,0 -116.830766,32.464808,0 -116.830766,32.464812,0 -116.830765,32.464815,0 -116.830764,32.464819,0 -116.830764,32.464822,0 -116.830763,32.464825,0 -116.830763,32.464829,0 -116.830762,32.464832,0 -116.830762,32.464836,0 -116.830761,32.464839,0 -116.830761,32.464842,0 -116.83076,32.464846,0 -116.83076,32.464849,0 -116.830759,32.464853,0 -116.830759,32.464856,0 -116.830758,32.464859,0 -116.830758,32.464863,0 -116.830758,32.464866,0 -116.830757,32.46487,0 -116.830757,32.464871,0 -116.830757,32.464873,0 -116.830757,32.464875,0 -116.830757,32.464876,0 -116.830756,32.464877,0 -116.830756,32.464878,0 -116.830756,32.464879,0 -116.830756,32.464881,0 -116.830755,32.464882,0 -116.830755,32.464883,0 -116.830755,32.464884,0 -116.830755,32.464885,0 -116.830754,32.464887,0 -116.830754,32.464888,0 -116.830754,32.464889,0 -116.830753,32.46489,0 -116.830753,32.464892,0 -116.830752,32.464895,0 -116.830752,32.464896,0 -116.830751,32.464898,0 -116.830751,32.464899,0 -116.830751,32.4649,0 -116.83075,32.464901,0 -116.83075,32.464902,0 -116.830749,32.464903,0 -116.830749,32.464905,0 -116.830748,32.464906,0 -116.830748,32.464907,0 -116.830747,32.464908,0 -116.830747,32.464909,0 -116.830746,32.46491,0 -116.830746,32.464912,0 -116.830745,32.464913,0 -116.830745,32.464914,0 -116.830744,32.464915,0 -116.830744,32.464916,0 -116.830743,32.464917,0 -116.830741,32.464921,0 -116.830741,32.464922,0 -116.83074,32.464923,0 -116.830739,32.464924,0 -116.830739,32.464925,0 -116.830737,32.464928,0 -116.830736,32.464929,0 -116.830735,32.46493,0 -116.830734,32.464932,0 -116.830734,32.464933,0 -116.830732,32.464935,0 -116.830731,32.464936,0 -116.830731,32.464937,0 -116.830727,32.464941,0 -116.830727,32.464942,0 -116.830726,32.464943,0 -116.830725,32.464944,0 -116.830724,32.464945,0 -116.830723,32.464946,0 -116.830722,32.464947,0 -116.830722,32.464948,0 -116.830721,32.464949,0 -116.83072,32.46495,0 -116.830719,32.464951,0 -116.830718,32.464952,0 -116.830717,32.464953,0 -116.830716,32.464954,0 -116.830715,32.464955,0 -116.830714,32.464956,0 -116.830713,32.464957,0 -116.830712,32.464957,0 -116.830711,32.464958,0 -116.83071,32.464959,0 -116.830709,32.46496,0 -116.830708,32.464961,0 -116.830707,32.464962,0 -116.830706,32.464963,0 -116.830705,32.464964,0 -116.830704,32.464965,0 -116.830703,32.464965,0 -116.830702,32.464966,0 -116.830701,32.464967,0 -116.8307,32.464968,0 -116.830699,32.464969,0 -116.830698,32.46497,0 -116.830697,32.46497,0 -116.830696,32.464971,0 -116.830694,32.464972,0 -116.830693,32.464973,0 -116.830692,32.464974,0 -116.830691,32.464974,0 -116.83069,32.464975,0 -116.830689,32.464976,0 -116.830688,32.464977,0 -116.830686,32.464977,0 -116.830685,32.464978,0 -116.830684,32.464979,0 -116.830683,32.46498,0 -116.830682,32.46498,0 -116.83068,32.464981,0 -116.830679,32.464982,0 -116.830678,32.464982,0 -116.830677,32.464983,0 -116.830676,32.464984,0 -116.830674,32.464984,0 -116.830673,32.464985,0 -116.830672,32.464986,0 -116.830671,32.464986,0 -116.830669,32.464987,0 -116.830668,32.464987,0 -116.830667,32.464988,0 -116.830666,32.464989,0 -116.830664,32.464989,0 -116.830663,32.46499,0 -116.830662,32.46499,0 -116.83066,32.464991,0 -116.830659,32.464992,0 -116.830658,32.464992,0 -116.830656,32.464993,0 -116.830655,32.464993,0 -116.830654,32.464994,0 -116.830652,32.464994,0 -116.830651,32.464995,0 -116.83065,32.464995,0 -116.830648,32.464996,0 -116.830647,32.464996,0 -116.830646,32.464997,0 -116.830644,32.464997,0 -116.830643,32.464997,0 -116.830642,32.464998,0 -116.83064,32.464998,0 -116.830639,32.464999,0 -116.830638,32.464999,0 -116.830636,32.464999,0 -116.830635,32.465,0 -116.830633,32.465,0 -116.830632,32.465001,0 -116.830631,32.465001,0 -116.830629,32.465001,0 -116.830628,32.465002,0 -116.830626,32.465002,0 -116.830625,32.465002,0 -116.830624,32.465003,0 -116.830622,32.465003,0 -116.830621,32.465003,0 -116.830619,32.465003,0 -116.830618,32.465004,0 -116.830616,32.465004,0 -116.830615,32.465004,0 -116.830614,32.465004,0 -116.830612,32.465005,0 -116.830611,32.465005,0 -116.830609,32.465005,0 -116.830608,32.465005,0 -116.830606,32.465005,0 -116.830605,32.465006,0 -116.830604,32.465006,0 -116.830602,32.465006,0 -116.830601,32.465006,0 -116.830599,32.465006,0 -116.830598,32.465006,0 -116.830596,32.465006,0 -116.830595,32.465007,0 -116.830593,32.465007,0 -116.830592,32.465007,0 -116.830591,32.465007,0 -116.830589,32.465007,0 -116.830588,32.465007,0 -116.830586,32.465007,0 -116.830585,32.465007,0 -116.830583,32.465007,0 -116.830582,32.465007,0 -116.830578,32.465007,0 -116.830574,32.465007,0 -116.83057,32.465007,0 -116.830566,32.465007,0 -116.830562,32.465007,0 -116.830559,32.465007,0 -116.830555,32.465007,0 -116.830551,32.465007,0 -116.830547,32.465007,0 -116.830543,32.465007,0 -116.830539,32.465008,0 -116.830535,32.465008,0 -116.830531,32.465008,0 -116.830528,32.465008,0 -116.830524,32.465008,0 -116.83052,32.465008,0 -116.830516,32.465008,0 -116.830512,32.465008,0 -116.830508,32.465009,0 -116.830504,32.465009,0 -116.8305,32.465009,0 -116.830496,32.465009,0 -116.830493,32.465009,0 -116.830489,32.465009,0 -116.830485,32.465009,0 -116.830481,32.46501,0 -116.830477,32.46501,0 -116.830473,32.46501,0 -116.830469,32.46501,0 -116.830466,32.46501,0 -116.830462,32.465011,0 -116.830458,32.465011,0 -116.830454,32.465011,0 -116.83045,32.465011,0 -116.830446,32.465012,0 -116.830442,32.465012,0 -116.830438,32.465012,0 -116.830435,32.465012,0 -116.830431,32.465013,0 -116.830427,32.465013,0 -116.830423,32.465013,0 -116.830419,32.465014,0 -116.830415,32.465014,0 -116.830411,32.465014,0 -116.830408,32.465014,0 -116.830404,32.465015,0 -116.8304,32.465015,0 -116.830396,32.465015,0 -116.830392,32.465016,0 -116.830388,32.465016,0 -116.830384,32.465016,0 -116.830381,32.465017,0 -116.830377,32.465017,0 -116.830373,32.465017,0 -116.830369,32.465018,0 -116.830365,32.465018,0 -116.830361,32.465019,0 -116.830357,32.465019,0 -116.830354,32.465019,0 -116.83035,32.46502,0 -116.830346,32.46502,0 -116.830342,32.465021,0 -116.830338,32.465021,0 -116.830334,32.465022,0 -116.83033,32.465022,0 -116.830327,32.465022,0 -116.830323,32.465023,0 -116.830319,32.465023,0 -116.830315,32.465024,0 -116.830311,32.465024,0 -116.830307,32.465025,0 -116.830304,32.465025,0 -116.8303,32.465026,0 -116.830296,32.465026,0 -116.830292,32.465027,0 -116.830288,32.465027,0 -116.830284,32.465028,0 -116.830281,32.465028,0 -116.830277,32.465029,0 -116.830273,32.465029,0 -116.830269,32.46503,0 -116.830265,32.46503,0 -116.830261,32.465031,0 -116.830258,32.465032,0 -116.830254,32.465032,0 -116.83025,32.465033,0 -116.830246,32.465033,0 -116.830242,32.465034,0 -116.830239,32.465034,0 -116.830235,32.465035,0 -116.830231,32.465036,0 -116.830227,32.465036,0 -116.830223,32.465037,0 -116.830219,32.465037,0 -116.830216,32.465038,0 -116.830212,32.465039,0 -116.830208,32.465039,0 -116.830204,32.46504,0 -116.8302,32.465041,0 -116.830197,32.465041,0 -116.830193,32.465042,0 -116.830189,32.465043,0 -116.830185,32.465043,0 -116.830182,32.465044,0 -116.830178,32.465045,0 -116.830174,32.465045,0 -116.83017,32.465046,0 -116.830166,32.465047,0 -116.830163,32.465048,0 -116.830159,32.465048,0 -116.830155,32.465049,0 -116.830151,32.46505,0 -116.830147,32.465051,0 -116.830144,32.465051,0 -116.83014,32.465052,0 -116.830136,32.465053,0 -116.830132,32.465054,0 -116.830129,32.465054,0 -116.830125,32.465055,0 -116.830121,32.465056,0 -116.830117,32.465057,0 -116.830114,32.465058,0 -116.83011,32.465058,0 -116.830106,32.465059,0 -116.830102,32.46506,0 -116.830099,32.465061,0 -116.830095,32.465062,0 -116.830091,32.465063,0 -116.830087,32.465063,0 -116.830084,32.465064,0 -116.83008,32.465065,0 -116.830076,32.465066,0 -116.830072,32.465067,0 -116.830069,32.465068,0 -116.830065,32.465069,0 -116.830061,32.46507,0 -116.830057,32.46507,0 -116.830054,32.465071,0 -116.83005,32.465072,0 -116.830046,32.465073,0 -116.830042,32.465074,0 -116.830039,32.465075,0 -116.830035,32.465076,0 -116.830031,32.465077,0 -116.830028,32.465078,0 -116.830024,32.465079,0 -116.83002,32.46508,0 -116.830016,32.465081,0 -116.830013,32.465082,0 -116.830009,32.465083,0 -116.830005,32.465084,0 -116.830002,32.465085,0 -116.829998,32.465086,0 -116.829994,32.465087,0 -116.829991,32.465088,0 -116.829987,32.465089,0 -116.829983,32.46509,0 -116.82998,32.465091,0 -116.829976,32.465092,0 -116.829972,32.465093,0 -116.829968,32.465094,0 -116.829965,32.465095,0 -116.829961,32.465096,0 -116.829957,32.465097,0 -116.829954,32.465098,0 -116.82995,32.465099,0 -116.829946,32.4651,0 -116.829943,32.465101,0 -116.829939,32.465102,0 -116.829936,32.465104,0 -116.829932,32.465105,0 -116.829928,32.465106,0 -116.829925,32.465107,0 -116.829921,32.465108,0 -116.829917,32.465109,0 -116.829914,32.46511,0 -116.82991,32.465112,0 -116.829906,32.465113,0 -116.829903,32.465114,0 -116.829899,32.465115,0 -116.828811,32.465792,0 -116.827833,32.466401,0 -116.827831,32.466402,0 -116.82783,32.466403,0 -116.827829,32.466403,0 -116.827828,32.466404,0 -116.827826,32.466405,0 -116.827825,32.466406,0 -116.827824,32.466407,0 -116.827823,32.466408,0 -116.827822,32.466409,0 -116.827821,32.46641,0 -116.827819,32.466411,0 -116.827818,32.466412,0 -116.827817,32.466413,0 -116.827816,32.466414,0 -116.827815,32.466415,0 -116.827814,32.466416,0 -116.827813,32.466417,0 -116.827812,32.466418,0 -116.827811,32.466419,0 -116.82781,32.46642,0 -116.82781,32.466421,0 -116.827809,32.466423,0 -116.827808,32.466424,0 -116.827807,32.466425,0 -116.827806,32.466426,0 -116.827806,32.466427,0 -116.827805,32.466428,0 -116.827804,32.46643,0 -116.827803,32.466431,0 -116.827803,32.466432,0 -116.827802,32.466433,0 -116.827801,32.466434,0 -116.827801,32.466436,0 -116.8278,32.466437,0 -116.8278,32.466438,0 -116.827799,32.466439,0 -116.827799,32.466441,0 -116.827798,32.466442,0 -116.827798,32.466443,0 -116.827797,32.466445,0 -116.827797,32.466446,0 -116.827796,32.466447,0 -116.827796,32.466449,0 -116.827796,32.46645,0 -116.827796,32.466451,0 -116.827795,32.466453,0 -116.827795,32.466454,0 -116.827795,32.466455,0 -116.827795,32.466457,0 -116.827794,32.466458,0 -116.827794,32.466459,0 -116.827794,32.466461,0 -116.827794,32.466462,0 -116.827794,32.466463,0 -116.827794,32.466465,0 -116.827794,32.466466,0 -116.827794,32.466467,0 -116.827794,32.466469,0 -116.827794,32.46647,0 -116.827794,32.466471,0 -116.827794,32.466473,0 -116.827795,32.466474,0 -116.827795,32.466475,0 -116.827795,32.466477,0 -116.827795,32.466478,0 -116.827795,32.466479,0 -116.827796,32.466481,0 -116.827796,32.466482,0 -116.827796,32.466483,0 -116.827797,32.466485,0 -116.827797,32.466486,0 -116.827798,32.466487,0 -116.827798,32.466489,0 -116.827799,32.46649,0 -116.827799,32.466491,0 -116.8278,32.466492,0 -116.8278,32.466494,0 -116.827801,32.466495,0 -116.827801,32.466496,0 -116.827802,32.466497,0 -116.827803,32.466499,0 -116.827803,32.4665,0 -116.827804,32.466501,0 -116.827805,32.466502,0 -116.827805,32.466503,0 -116.827806,32.466505,0 -116.827807,32.466506,0 -116.827808,32.466507,0 -116.827809,32.466508,0 -116.82781,32.466509,0 -116.82781,32.46651,0 -116.827811,32.466511,0 -116.827812,32.466513,0 -116.827813,32.466514,0 -116.827814,32.466515,0 -116.827815,32.466516,0 -116.827816,32.466517,0 -116.827817,32.466518,0 -116.827818,32.466519,0 -116.827819,32.46652,0 -116.82782,32.466521,0 -116.827822,32.466522,0 -116.827823,32.466523,0 -116.827824,32.466524,0 -116.827825,32.466525,0 -116.827826,32.466525,0 -116.827827,32.466526,0 -116.827829,32.466527,0 -116.82783,32.466528,0 -116.827831,32.466529,0 -116.827832,32.46653,0 -116.827834,32.46653,0 -116.827835,32.466531,0 -116.827836,32.466532,0 -116.827838,32.466533,0 -116.827839,32.466533,0 -116.82784,32.466534,0 -116.827842,32.466535,0 -116.827843,32.466535,0 -116.827845,32.466536,0 -116.827846,32.466537,0 -116.827847,32.466537,0 -116.827849,32.466538,0 -116.82785,32.466538,0 -116.827852,32.466539,0 -116.827853,32.466539,0 -116.827855,32.46654,0 -116.827856,32.46654,0 -116.827858,32.466541,0 -116.827859,32.466541,0 -116.827861,32.466542,0 -116.827862,32.466542,0 -116.827864,32.466542,0 -116.827865,32.466543,0 -116.827867,32.466543,0 -116.827868,32.466543,0 -116.82787,32.466544,0 -116.827871,32.466544,0 -116.827873,32.466544,0 -116.827875,32.466544,0 -116.827876,32.466545,0 -116.827878,32.466545,0 -116.827879,32.466545,0 -116.827881,32.466545,0 -116.827883,32.466545,0 -116.827884,32.466545,0 -116.827886,32.466545,0 -116.827887,32.466545,0 -116.827889,32.466545,0 -116.82789,32.466545,0 -116.827892,32.466545,0 -116.827894,32.466545,0 -116.827895,32.466545,0 -116.827897,32.466545,0 -116.827898,32.466545,0 -116.8279,32.466545,0 -116.827902,32.466544,0 -116.827903,32.466544,0 -116.827905,32.466544,0 -116.827906,32.466544,0 -116.827908,32.466543,0 -116.827909,32.466543,0 -116.827911,32.466543,0 -116.827912,32.466543,0 -116.827914,32.466542,0 -116.827916,32.466542,0 -116.827917,32.466541,0 -116.827919,32.466541,0 -116.82792,32.466541,0 -116.827922,32.46654,0 -116.827923,32.46654,0 -116.827924,32.466539,0 -116.827926,32.466539,0 -116.827927,32.466538,0 -116.827929,32.466537,0 -116.82793,32.466537,0 -116.827932,32.466536,0 -116.827933,32.466536,0 -116.827934,32.466535,0 -116.827936,32.466534,0 -116.829794,32.465339,0 -116.829795,32.465338,0 -116.829797,32.465337,0 -116.829798,32.465336,0 -116.8298,32.465335,0 -116.829802,32.465334,0 -116.829803,32.465333,0 -116.829805,32.465332,0 -116.829806,32.465331,0 -116.829808,32.46533,0 -116.82981,32.465329,0 -116.829811,32.465328,0 -116.829813,32.465327,0 -116.829815,32.465326,0 -116.829816,32.465325,0 -116.829818,32.465324,0 -116.82982,32.465323,0 -116.829821,32.465322,0 -116.829823,32.465321,0 -116.829825,32.46532,0 -116.829826,32.465319,0 -116.829828,32.465318,0 -116.82983,32.465317,0 -116.829831,32.465316,0 -116.829833,32.465315,0 -116.829835,32.465314,0 -116.829836,32.465313,0 -116.829838,32.465313,0 -116.82984,32.465312,0 -116.829841,32.465311,0 -116.829843,32.46531,0 -116.829845,32.465309,0 -116.829846,32.465308,0 -116.829848,32.465307,0 -116.82985,32.465306,0 -116.829851,32.465305,0 -116.829853,32.465304,0 -116.829855,32.465303,0 -116.829857,32.465302,0 -116.829858,32.465301,0 -116.82986,32.4653,0 -116.829862,32.4653,0 -116.829863,32.465299,0 -116.829865,32.465298,0 -116.829869,32.465296,0 -116.82987,32.465295,0 -116.829872,32.465294,0 -116.829874,32.465293,0 -116.829875,32.465292,0 -116.829877,32.465291,0 -116.829879,32.465291,0 -116.829881,32.46529,0 -116.829882,32.465289,0 -116.829884,32.465288,0 -116.829886,32.465287,0 -116.829888,32.465286,0 -116.829889,32.465285,0 -116.829891,32.465285,0 -116.829893,32.465284,0 -116.829895,32.465283,0 -116.829896,32.465282,0 -116.829898,32.465281,0 -116.8299,32.46528,0 -116.829902,32.46528,0 -116.829903,32.465279,0 -116.829905,32.465278,0 -116.829907,32.465277,0 -116.829909,32.465276,0 -116.829911,32.465275,0 -116.829912,32.465275,0 -116.829918,32.465272,0 -116.829919,32.465271,0 -116.829921,32.465271,0 -116.829927,32.465268,0 -116.829928,32.465267,0 -116.82993,32.465267,0 -116.829932,32.465266,0 -116.829934,32.465265,0 -116.829936,32.465264,0 -116.829937,32.465264,0 -116.829939,32.465263,0 -116.829943,32.465261,0 -116.829945,32.46526,0 -116.829946,32.46526,0 -116.829952,32.465257,0 -116.829954,32.465257,0 -116.829956,32.465256,0 -116.829957,32.465255,0 -116.829959,32.465255,0 -116.829961,32.465254,0 -116.829965,32.465252,0 -116.829967,32.465252,0 -116.829968,32.465251,0 -116.82997,32.46525,0 -116.829972,32.46525,0 -116.829974,32.465249,0 -116.829976,32.465248,0 -116.829978,32.465247,0 -116.829979,32.465247,0 -116.829981,32.465246,0 -116.829983,32.465245,0 -116.829985,32.465245,0 -116.829987,32.465244,0 -116.829989,32.465243,0 -116.829991,32.465243,0 -116.829992,32.465242,0 -116.829994,32.465241,0 -116.829996,32.465241,0 -116.829998,32.46524,0 -116.83,32.465239,0 -116.830002,32.465239,0 -116.830004,32.465238,0 -116.830006,32.465238,0 -116.830007,32.465237,0 -116.830009,32.465236,0 -116.830011,32.465236,0 -116.830013,32.465235,0 -116.830015,32.465234,0 -116.830017,32.465234,0 -116.830019,32.465233,0 -116.830021,32.465233,0 -116.830023,32.465232,0 -116.830024,32.465231,0 -116.830026,32.465231,0 -116.830028,32.46523,0 -116.83003,32.46523,0 -116.830032,32.465229,0 -116.830034,32.465228,0 -116.830036,32.465228,0 -116.830038,32.465227,0 -116.83004,32.465227,0 -116.830041,32.465226,0 -116.830043,32.465225,0 -116.830045,32.465225,0 -116.830047,32.465224,0 -116.830049,32.465224,0 -116.830051,32.465223,0 -116.830053,32.465223,0 -116.830055,32.465222,0 -116.830057,32.465222,0 -116.830061,32.46522,0 -116.830063,32.46522,0 -116.830064,32.465219,0 -116.830066,32.465219,0 -116.830068,32.465218,0 -116.83007,32.465218,0 -116.830072,32.465217,0 -116.830074,32.465217,0 -116.830076,32.465216,0 -116.830078,32.465216,0 -116.83008,32.465215,0 -116.830082,32.465215,0 -116.830084,32.465214,0 -116.830086,32.465214,0 -116.830088,32.465213,0 -116.83009,32.465213,0 -116.830091,32.465212,0 -116.830093,32.465212,0 -116.830095,32.465211,0 -116.830097,32.465211,0 -116.830099,32.46521,0 -116.830101,32.46521,0 -116.830103,32.46521,0 -116.830105,32.465209,0 -116.830107,32.465209,0 -116.830109,32.465208,0 -116.830111,32.465208,0 -116.830113,32.465207,0 -116.830115,32.465207,0 -116.830117,32.465206,0 -116.830119,32.465206,0 -116.830122,32.465205,0 -116.830124,32.465205,0 -116.830127,32.465204,0 -116.83013,32.465204,0 -116.830133,32.465203,0 -116.830136,32.465202,0 -116.830138,32.465202,0 -116.830141,32.465201,0 -116.830144,32.465201,0 -116.83015,32.465199,0 -116.830152,32.465199,0 -116.830155,32.465198,0 -116.830158,32.465198,0 -116.830161,32.465197,0 -116.830164,32.465196,0 -116.830167,32.465196,0 -116.830169,32.465195,0 -116.830172,32.465195,0 -116.830175,32.465194,0 -116.830178,32.465193,0 -116.830181,32.465193,0 -116.830183,32.465192,0 -116.830186,32.465192,0 -116.830189,32.465191,0 -116.830192,32.465191,0 -116.830195,32.46519,0 -116.830197,32.465189,0 -116.8302,32.465189,0 -116.830203,32.465188,0 -116.830206,32.465188,0 -116.830209,32.465187,0 -116.830212,32.465186,0 -116.830214,32.465186,0 -116.830217,32.465185,0 -116.83022,32.465185,0 -116.830223,32.465184,0 -116.830226,32.465184,0 -116.830228,32.465183,0 -116.830231,32.465183,0 -116.830234,32.465182,0 -116.830237,32.465181,0 -116.83024,32.465181,0 -116.830243,32.46518,0 -116.830245,32.46518,0 -116.830248,32.465179,0 -116.830251,32.465179,0 -116.830257,32.465177,0 -116.830259,32.465177,0 -116.830262,32.465176,0 -116.830265,32.465176,0 -116.830268,32.465175,0 -116.830271,32.465175,0 -116.830274,32.465174,0 -116.830276,32.465174,0 -116.830279,32.465173,0 -116.830282,32.465173,0 -116.830288,32.465171,0 -116.830291,32.465171,0 -116.830293,32.46517,0 -116.830296,32.46517,0 -116.830299,32.465169,0 -116.830302,32.465169,0 -116.830305,32.465168,0 -116.830308,32.465168,0 -116.83031,32.465167,0 -116.830313,32.465167,0 -116.830316,32.465166,0 -116.830319,32.465166,0 -116.830322,32.465165,0 -116.830325,32.465165,0 -116.830327,32.465164,0 -116.83033,32.465163,0 -116.830333,32.465163,0 -116.830336,32.465162,0 -116.830339,32.465162,0 -116.830341,32.465161,0 -116.830344,32.465161,0 -116.830347,32.46516,0 -116.83035,32.46516,0 -116.830353,32.465159,0 -116.830356,32.465159,0 -116.830358,32.465158,0 -116.830361,32.465158,0 -116.830364,32.465157,0 -116.830367,32.465157,0 -116.83037,32.465156,0 -116.830373,32.465156,0 -116.830376,32.465155,0 -116.830378,32.465155,0 -116.830381,32.465154,0 -116.830384,32.465154,0 -116.830387,32.465153,0 -116.83039,32.465153,0 -116.830393,32.465152,0 -116.830395,32.465152,0 -116.830398,32.465151,0 -116.830401,32.465151,0 -116.830404,32.46515,0 -116.830407,32.46515,0 -116.83041,32.465149,0 -116.830412,32.465149,0 -116.830415,32.465148,0 -116.830418,32.465148,0 -116.830421,32.465147,0 -116.830424,32.465147,0 -116.830427,32.465146,0 -116.830429,32.465146,0 -116.830432,32.465145,0 -116.830435,32.465145,0 -116.830438,32.465144,0 -116.830441,32.465144,0 -116.830444,32.465143,0 -116.830446,32.465143,0 -116.830449,32.465143,0 -116.830452,32.465142,0 -116.830455,32.465142,0 -116.830458,32.465141,0 -116.830461,32.465141,0 -116.830464,32.46514,0 -116.830466,32.46514,0 -116.830469,32.465139,0 -116.830472,32.465139,0 -116.830475,32.465138,0 -116.830478,32.465138,0 -116.830481,32.465137,0 -116.830483,32.465137,0 -116.830486,32.465136,0 -116.830489,32.465136,0 -116.830492,32.465136,0 -116.830495,32.465135,0 -116.830498,32.465135,0 -116.830501,32.465134,0 -116.830503,32.465134,0 -116.830506,32.465133,0 -116.830509,32.465133,0 -116.830512,32.465132,0 -116.830515,32.465132,0 -116.830518,32.465131,0 -116.83052,32.465131,0 -116.830523,32.465131,0 -116.830526,32.46513,0 -116.830529,32.46513,0 -116.830532,32.465129,0 -116.830535,32.465129,0 -116.830538,32.465128,0 -116.830543,32.465128,0 -116.830546,32.465127,0 -116.830549,32.465127,0 -116.830552,32.465126,0 -116.830555,32.465126,0 -116.830558,32.465125,0 -116.83056,32.465125,0 -116.830563,32.465124,0 -116.830566,32.465124,0 -116.830569,32.465124,0 -116.830572,32.465123,0 -116.830575,32.465123,0 -116.830578,32.465122,0 -116.830583,32.465122,0 -116.830586,32.465121,0 -116.830589,32.465121,0 -116.830592,32.46512,0 -116.830595,32.46512,0 -116.830598,32.465119,0 -116.830603,32.465119,0 -116.830606,32.465118,0 -116.830609,32.465118,0 -116.830612,32.465117,0 -116.830615,32.465117,0 -116.830618,32.465117,0 -116.83062,32.465116,0 -116.830623,32.465116,0 -116.830626,32.465115,0 -116.830631,32.465115,0 -116.830634,32.465114,0 -116.830636,32.465114,0 -116.830638,32.465114,0 -116.83064,32.465113,0 -116.830645,32.465113,0 -116.830647,32.465112,0 -116.830649,32.465112,0 -116.830652,32.465111,0 -116.830654,32.465111,0 -116.830656,32.465111,0 -116.830658,32.46511,0 -116.830661,32.46511,0 -116.830663,32.465109,0 -116.830665,32.465109,0 -116.830668,32.465108,0 -116.83067,32.465108,0 -116.830672,32.465107,0 -116.830674,32.465107,0 -116.830676,32.465106,0 -116.830679,32.465106,0 -116.830681,32.465105,0 -116.830683,32.465105,0 -116.830685,32.465104,0 -116.830688,32.465104,0 -116.83069,32.465103,0 -116.830692,32.465103,0 -116.830694,32.465102,0 -116.830697,32.465102,0 -116.830699,32.465101,0 -116.830701,32.4651,0 -116.830703,32.4651,0 -116.830705,32.465099,0 -116.830708,32.465099,0 -116.83071,32.465098,0 -116.830712,32.465097,0 -116.830714,32.465097,0 -116.830718,32.465095,0 -116.830721,32.465095,0 -116.830723,32.465094,0 -116.830725,32.465093,0 -116.830727,32.465093,0 -116.830729,32.465092,0 -116.830732,32.465091,0 -116.830734,32.465091,0 -116.830738,32.465089,0 -116.83074,32.465089,0 -116.830742,32.465088,0 -116.830744,32.465087,0 -116.830747,32.465086,0 -116.830749,32.465086,0 -116.830751,32.465085,0 -116.830753,32.465084,0 -116.830755,32.465083,0 -116.830757,32.465082,0 -116.830759,32.465082,0 -116.830763,32.46508,0 -116.830766,32.465079,0 -116.830768,32.465078,0 -116.83077,32.465077,0 -116.830772,32.465077,0 -116.830774,32.465076,0 -116.830776,32.465075,0 -116.830778,32.465074,0 -116.830786,32.46507,0 -116.830788,32.46507,0 -116.830792,32.465068,0 -116.830794,32.465067,0 -116.830797,32.465066,0 -116.830801,32.465064,0 -116.830803,32.465063,0 -116.830817,32.465056,0 -116.830818,32.465055,0 -116.83082,32.465054,0 -116.830832,32.465048,0 -116.830834,32.465046,0 -116.830836,32.465045,0 -116.830842,32.465042,0 -116.830844,32.465041,0 -116.830846,32.46504,0 -116.830847,32.465039,0 -116.830849,32.465038,0 -116.830851,32.465036,0 -116.830853,32.465035,0 -116.830855,32.465034,0 -116.830857,32.465033,0 -116.830859,32.465032,0 -116.83086,32.465031,0 -116.830862,32.465029,0 -116.83087,32.465025,0 -116.830871,32.465023,0 -116.830873,32.465022,0 -116.830877,32.46502,0 -116.830879,32.465018,0 -116.83088,32.465017,0 -116.830884,32.465015,0 -116.830886,32.465013,0 -116.830887,32.465012,0 -116.830889,32.465011,0 -116.830891,32.465009,0 -116.830893,32.465008,0 -116.830894,32.465007,0 -116.830896,32.465005,0 -116.830898,32.465004,0 -116.830899,32.465003,0 -116.830901,32.465001,0 -116.830903,32.465,0 -116.830904,32.464999,0 -116.830906,32.464997,0 -116.830908,32.464996,0 -116.830909,32.464995,0 -116.830911,32.464993,0 -116.830913,32.464992,0 -116.830916,32.464989,0 -116.830918,32.464988,0 -116.830919,32.464986,0 -116.830921,32.464985,0 -116.830923,32.464984,0 -116.830924,32.464982,0 -116.830926,32.464981,0 -116.830927,32.464979,0 -116.830929,32.464978,0 -116.83093,32.464976,0 -116.830932,32.464975,0 -116.830935,32.464972,0 -116.830937,32.464971,0 -116.830938,32.464969,0 -116.83094,32.464968,0 -116.830941,32.464966,0 -116.830943,32.464965,0 -116.830944,32.464963,0 -116.830946,32.464962,0 -116.830947,32.46496,0 -116.830949,32.464959,0 -116.83095,32.464957,0 -116.830953,32.464954,0 -116.830954,32.464952,0 -116.830956,32.464951,0 -116.830957,32.464949,0 -116.830959,32.464948,0 -116.83096,32.464946,0 -116.830961,32.464945,0 -116.830966,32.46494,0 -116.830967,32.464938,0 -116.83097,32.464935,0 -116.830971,32.464934,0 -116.830972,32.464932,0 -116.830976,32.464928,0 -116.830976,32.464927,0 -116.830979,32.464924,0 -116.83098,32.464923,0 -116.830981,32.464922,0 -116.830981,32.464921,0 -116.830985,32.464917,0 -116.830985,32.464916,0 -116.830988,32.464913,0 -116.830988,32.464912,0 -116.830989,32.464911,0 -116.83099,32.464911,0 -116.83099,32.46491,0 -116.830991,32.464909,0 -116.830991,32.464908,0 -116.830992,32.464908,0 -116.830993,32.464907,0 -116.830993,32.464906,0 -116.830996,32.464903,0 -116.830996,32.464902,0 -116.830997,32.464901,0 -116.830998,32.4649,0 -116.830999,32.464899,0 -116.831,32.464898,0 -116.831,32.464897,0 -116.831003,32.464894,0 -116.831003,32.464893,0 -116.831006,32.46489,0 -116.831007,32.464888,0 -116.831008,32.464887,0 -116.831009,32.464886,0 -116.831009,32.464885,0 -116.831012,32.464882,0 -116.831012,32.464881,0 -116.831015,32.464878,0 -116.831015,32.464877,0 -116.831016,32.464876,0 -116.831017,32.464875,0 -116.831018,32.464874,0 -116.831018,32.464873,0 -116.831019,32.464872,0 -116.83102,32.464871,0 -116.83102,32.46487,0 -116.831021,32.46487,0 -116.831021,32.464869,0 -116.831022,32.464868,0 -116.831022,32.464867,0 -116.831024,32.464865,0 -116.831025,32.464864,0 -116.831025,32.464863,0 -116.831026,32.464862,0 -116.831027,32.464862,0 -116.831027,32.464861,0 -116.831028,32.46486,0 -116.831028,32.464859,0 -116.83103,32.464857,0 -116.831031,32.464855,0 -116.831032,32.464854,0 -116.831032,32.464853,0 -116.831033,32.464852,0 -116.831034,32.464851,0 -116.831035,32.46485,0 -116.831035,32.464849,0 -116.831036,32.464848,0 -116.831037,32.464847,0 -116.831038,32.464846,0 -116.831038,32.464845,0 -116.831039,32.464844,0 -116.831039,32.464843,0 -116.83104,32.464843,0 -116.83104,32.464842,0 -116.831042,32.46484,0 -116.831042,32.464839,0 -116.831043,32.464838,0 -116.831044,32.464837,0 -116.831044,32.464836,0 -116.831046,32.464834,0 -116.831046,32.464833,0 -116.831047,32.464833,0 -116.831047,32.464832,0 -116.831048,32.464831,0 -116.831048,32.46483,0 -116.831051,32.464827,0 -116.831051,32.464826,0 -116.831052,32.464824,0 -116.831053,32.464823,0 -116.831054,32.464822,0 -116.831055,32.46482,0 -116.831057,32.464818,0 -116.831057,32.464817,0 -116.831058,32.464816,0 -116.831058,32.464815,0 -116.831059,32.464814,0 -116.83106,32.464813,0 -116.83106,32.464812,0 -116.831061,32.464811,0 -116.831061,32.46481,0 -116.831062,32.464809,0 -116.831063,32.464808,0 -116.831064,32.464807,0 -116.831064,32.464806,0 -116.831065,32.464805,0 -116.831065,32.464804,0 -116.831067,32.464802,0 -116.831067,32.464801,0 -116.831068,32.4648,0 -116.831068,32.464799,0 -116.831069,32.464797,0 -116.83107,32.464797,0 -116.831071,32.464796,0 -116.831071,32.464795,0 -116.831072,32.464794,0 -116.831072,32.464793,0 -116.831073,32.464792,0 -116.831074,32.464791,0 -116.831074,32.46479,0 -116.831076,32.464787,0 -116.831077,32.464786,0 -116.831077,32.464785,0 -116.831081,32.464778,0 -116.831085,32.464772,0 -116.831089,32.464765,0 -116.831093,32.464759,0 -116.831097,32.464752,0 -116.831101,32.464746,0 -116.831105,32.46474,0 -116.83111,32.464733,0 -116.831114,32.464727,0 -116.831118,32.46472,0 -116.831126,32.464708,0 -116.83113,32.464701,0 -116.831135,32.464695,0 -116.831139,32.464688,0 -116.831143,32.464682,0 -116.831148,32.464676,0 -116.831152,32.464669,0 -116.831156,32.464663,0 -116.831161,32.464657,0 -116.831165,32.464651,0 -116.831169,32.464644,0 -116.831174,32.464638,0 -116.831178,32.464632,0 -116.831183,32.464626,0 -116.831187,32.464619,0 -116.831192,32.464613,0 -116.831196,32.464607,0 -116.831201,32.464601,0 -116.831205,32.464595,0 -116.83121,32.464588,0 -116.831215,32.464582,0 -116.831219,32.464576,0 -116.831224,32.46457,0 -116.831229,32.464564,0 -116.831233,32.464558,0 -116.831238,32.464552,0 -116.831243,32.464545,0 -116.831248,32.464539,0 -116.831252,32.464533,0 -116.831262,32.464521,0 -116.831267,32.464515,0 -116.831272,32.464509,0 -116.831277,32.464503,0 -116.831282,32.464497,0 -116.831287,32.464491,0 -116.831292,32.464485,0 -116.831297,32.464479,0 -116.831302,32.464473,0 -116.831307,32.464467,0 -116.831312,32.464461,0 -116.831317,32.464456,0 -116.831322,32.46445,0 -116.831337,32.464432,0 -116.831342,32.464426,0 -116.831353,32.464415,0 -116.831368,32.464397,0 -116.831374,32.464391,0 -116.831379,32.464386,0 -116.831384,32.46438,0 -116.83139,32.464374,0 -116.831395,32.464368,0 -116.831406,32.464357,0 -116.831411,32.464351,0 -116.831417,32.464346,0 -116.831422,32.46434,0 -116.831467,32.464295,0 -116.831478,32.464284,0 -116.831484,32.464279,0 -116.831489,32.464273,0 -116.831495,32.464268,0 -116.831506,32.464257,0 -116.831512,32.464252,0 -116.831518,32.464246,0 -116.831524,32.464241,0 -116.831535,32.46423,0 -116.831541,32.464225,0 -116.831547,32.464219,0 -116.831553,32.464214,0 -116.831559,32.464209,0 -116.831565,32.464203,0 -116.831577,32.464193,0 -116.831583,32.464188,0 -116.831589,32.464182,0 -116.831595,32.464177,0 -116.831613,32.464162,0 -116.831619,32.464156,0 -116.831625,32.464151,0 -116.831631,32.464146,0 -116.831637,32.464141,0 -116.831644,32.464136,0 -116.83165,32.464131,0 -116.831656,32.464126,0 -116.831662,32.464121,0 -116.831668,32.464116,0 -116.831675,32.464111,0 -116.831681,32.464106,0 -116.831687,32.464101,0 -116.831694,32.464096,0 -116.831706,32.464086,0 -116.831713,32.464081,0 -116.831725,32.464071,0 -116.831732,32.464066,0 -116.831738,32.464061,0 -116.831745,32.464056,0 -116.831751,32.464052,0 -116.831758,32.464047,0 -116.83177,32.464037,0 -116.831777,32.464032,0 -116.831784,32.464028,0 -116.83179,32.464023,0 -116.831797,32.464018,0 -116.831803,32.464013,0 -116.83181,32.464009,0 -116.831816,32.464004,0 -116.831823,32.463999,0 -116.83183,32.463995,0 -116.831836,32.46399,0 -116.831843,32.463986,0 -116.83185,32.463981,0 -116.831857,32.463976,0 -116.831863,32.463972,0 -116.83187,32.463967,0 -116.831877,32.463963,0 -116.831884,32.463958,0 -116.83189,32.463954,0 -116.831897,32.463949,0 -116.831904,32.463945,0 -116.831911,32.46394,0 -116.831918,32.463936,0 -116.831924,32.463931,0 -116.831931,32.463927,0 -116.831938,32.463923,0 -116.831945,32.463918,0 -116.831952,32.463914,0 -116.831959,32.46391,0 -116.831966,32.463905,0 -116.831987,32.463893,0 -116.831994,32.463888,0 -116.832008,32.46388,0 -116.832015,32.463876,0 -116.832022,32.463872,0 -116.832029,32.463867,0 -116.832036,32.463863,0 -116.832044,32.463859,0 -116.832086,32.463835,0 -116.832094,32.463831,0 -116.832101,32.463827,0 -116.832108,32.463823,0 -116.837566,32.460314,0 -116.837568,32.460312,0 -116.837571,32.46031,0 -116.837573,32.460308,0 -116.837576,32.460307,0 -116.837579,32.460305,0 -116.837581,32.460303,0 -116.837584,32.460301,0 -116.837586,32.460299,0 -116.837589,32.460297,0 -116.837593,32.460293,0 -116.837596,32.460291,0 -116.837598,32.460289,0 -116.837601,32.460287,0 -116.837605,32.460283,0 -116.837608,32.460281,0 -116.837616,32.460273,0 -116.837619,32.460271,0 -116.837621,32.460269,0 -116.837623,32.460266,0 -116.837629,32.46026,0 -116.837631,32.460257,0 -116.837635,32.460253,0 -116.837637,32.460251,0 -116.837639,32.460248,0 -116.83764,32.460246,0 -116.837642,32.460244,0 -116.837644,32.460241,0 -116.837646,32.460239,0 -116.837648,32.460236,0 -116.837649,32.460234,0 -116.837651,32.460232,0 -116.837653,32.460229,0 -116.837654,32.460227,0 -116.837656,32.460224,0 -116.837657,32.460222,0 -116.837659,32.460219,0 -116.837661,32.460217,0 -116.837662,32.460214,0 -116.837663,32.460212,0 -116.837665,32.460209,0 -116.837666,32.460206,0 -116.837668,32.460204,0 -116.837669,32.460201,0 -116.83767,32.460199,0 -116.837671,32.460196,0 -116.837673,32.460193,0 -116.837674,32.460191,0 -116.837675,32.460188,0 -116.837676,32.460185,0 -116.837677,32.460183,0 -116.837678,32.46018,0 -116.837679,32.460177,0 -116.83768,32.460175,0 -116.837681,32.460172,0 -116.837682,32.460169,0 -116.837683,32.460167,0 -116.837686,32.460158,0 -116.837687,32.460156,0 -116.837687,32.460153,0 -116.837688,32.46015,0 -116.837689,32.460147,0 -116.837689,32.460145,0 -116.83769,32.460142,0 -116.837691,32.460139,0 -116.837691,32.460136,0 -116.837692,32.460134,0 -116.837692,32.460131,0 -116.837693,32.460128,0 -116.837693,32.460125,0 -116.837693,32.460122,0 -116.837694,32.46012,0 -116.837694,32.460117,0 -116.837694,32.460114,0 -116.837694,32.460111,0 -116.837695,32.460108,0 -116.837695,32.460105,0 -116.837695,32.460103,0 -116.837695,32.4601,0 -116.837695,32.460097,0 -116.837695,32.460094,0 -116.837695,32.460088,0 -116.837695,32.46008,0 -116.837695,32.460077,0 -116.837695,32.460074,0 -116.837694,32.460072,0 -116.837694,32.460066,0 -116.837693,32.460063,0 -116.837693,32.46006,0 -116.837693,32.460058,0 -116.837692,32.460055,0 -116.837692,32.460052,0 -116.837691,32.460049,0 -116.837691,32.460046,0 -116.83769,32.460044,0 -116.83769,32.460041,0 -116.837689,32.460038,0 -116.837688,32.460035,0 -116.837688,32.460032,0 -116.837687,32.46003,0 -116.837686,32.460027,0 -116.837685,32.460024,0 -116.837685,32.460021,0 -116.837684,32.460019,0 -116.837683,32.460016,0 -116.837682,32.460013,0 -116.837681,32.460011,0 -116.83768,32.460008,0 -116.837679,32.460005,0 -116.837678,32.460003,0 -116.837677,32.46,0 -116.837676,32.459997,0 -116.837674,32.459995,0 -116.837673,32.459992,0 -116.837672,32.459989,0 -116.837671,32.459987,0 -116.83767,32.459984,0 -116.837668,32.459982,0 -116.837667,32.459979,0 -116.837665,32.459976,0 -116.837664,32.459974,0 -116.837663,32.459971,0 -116.837661,32.459969,0 -116.83766,32.459966,0 -116.837658,32.459964,0 -116.837657,32.459961,0 -116.837655,32.459959,0 -116.837653,32.459956,0 -116.837652,32.459954,0 -116.83765,32.459951,0 -116.837648,32.459949,0 -116.837647,32.459946,0 -116.837645,32.459944,0 -116.837643,32.459942,0 -116.837641,32.459939,0 -116.837639,32.459937,0 -116.837638,32.459935,0 -116.837636,32.459932,0 -116.837632,32.459928,0 -116.83763,32.459925,0 -116.837619,32.459914,0 -116.837611,32.459906,0 -116.837609,32.459904,0 -116.837606,32.459902,0 -116.837604,32.4599,0 -116.837602,32.459898,0 -116.837599,32.459896,0 -116.837597,32.459894,0 -116.837595,32.459892,0 -116.837592,32.45989,0 -116.83759,32.459888,0 -116.837587,32.459886,0 -116.837585,32.459884,0 -116.837582,32.459882,0 -116.83758,32.45988,0 -116.837577,32.459878,0 -116.837575,32.459877,0 -116.837569,32.459873,0 -116.83672,32.459263,0 -116.836718,32.459262,0 -116.836717,32.45926,0 -116.836711,32.459257,0 -116.836708,32.459254,0 -116.836706,32.459253,0 -116.836702,32.459251,0 -116.836701,32.45925,0 -116.836699,32.459249,0 -116.836695,32.459247,0 -116.836693,32.459246,0 -116.836689,32.459244,0 -116.836688,32.459243,0 -116.836684,32.459241,0 -116.836682,32.45924,0 -116.836674,32.459236,0 -116.836672,32.459236,0 -116.836662,32.459231,0 -116.83666,32.459231,0 -116.836658,32.45923,0 -116.836656,32.459229,0 -116.836654,32.459228,0 -116.836652,32.459228,0 -116.836648,32.459226,0 -116.836646,32.459226,0 -116.836644,32.459225,0 -116.836641,32.459224,0 -116.836639,32.459224,0 -116.836637,32.459223,0 -116.836635,32.459222,0 -116.836633,32.459222,0 -116.836631,32.459221,0 -116.836629,32.459221,0 -116.836627,32.45922,0 -116.836625,32.45922,0 -116.836622,32.459219,0 -116.83662,32.459219,0 -116.836618,32.459218,0 -116.836616,32.459218,0 -116.836614,32.459217,0 -116.836612,32.459217,0 -116.836609,32.459216,0 -116.836605,32.459216,0 -116.836603,32.459215,0 -116.836598,32.459215,0 -116.836596,32.459214,0 -116.836592,32.459214,0 -116.83659,32.459213,0 -116.836581,32.459213,0 -116.836579,32.459212,0 -116.83657,32.459212,0 -116.836561,32.459212,0 -116.836559,32.459211,0 -116.836556,32.459211,0 -116.836552,32.459211,0 -116.83655,32.459212,0 -116.836545,32.459212,0 -116.836543,32.459212,0 -116.836541,32.459212,0 -116.836532,32.459212,0 -116.83653,32.459213,0 -116.836521,32.459213,0 -116.836519,32.459214,0 -116.836516,32.459214,0 -116.836514,32.459214,0 -116.836512,32.459215,0 -116.836508,32.459215,0 -116.836506,32.459216,0 -116.836501,32.459216,0 -116.836499,32.459217,0 -116.836497,32.459217,0 -116.836495,32.459218,0 -116.836493,32.459218,0 -116.83649,32.459219,0 -116.836488,32.459219,0 -116.836486,32.45922,0 -116.836484,32.45922,0 -116.836482,32.459221,0 -116.83648,32.459221,0 -116.836478,32.459222,0 -116.836475,32.459222,0 -116.836473,32.459223,0 -116.836471,32.459224,0 -116.836469,32.459224,0 -116.836467,32.459225,0 -116.836465,32.459225,0 -116.836463,32.459226,0 -116.836461,32.459227,0 -116.836459,32.459228,0 -116.836457,32.459228,0 -116.836451,32.459231,0 -116.836449,32.459231,0 -116.836446,32.459232,0 -116.836442,32.459234,0 -116.83644,32.459235,0 -116.836439,32.459235,0 -116.836437,32.459236,0 -116.836435,32.459237,0 -116.836423,32.459243,0 -116.836421,32.459244,0 -116.836419,32.459245,0 -116.836415,32.459247,0 -116.836414,32.459248,0 -116.836412,32.459249,0 -116.836404,32.459253,0 -116.836401,32.459256,0 -116.836397,32.459258,0 -116.836396,32.459259,0 -116.836392,32.459261,0 -116.836389,32.459264,0 -116.836387,32.459265,0 -116.836385,32.459266,0 -116.836384,32.459268,0 -116.836382,32.459269,0 -116.836381,32.45927,0 -116.836379,32.459271,0 -116.836376,32.459274,0 -116.836374,32.459275,0 -116.836373,32.459277,0 -116.836371,32.459278,0 -116.83637,32.45928,0 -116.836368,32.459281,0 -116.836366,32.459282,0 -116.836365,32.459284,0 -116.836361,32.459288,0 -116.831893,32.46212,0 -116.831893,32.462121,0 -116.831892,32.462121,0 -116.83189,32.462122,0 -116.831889,32.462123,0 -116.831888,32.462123,0 -116.831885,32.462125,0 -116.831884,32.462126,0 -116.831883,32.462126,0 -116.831882,32.462127,0 -116.831881,32.462127,0 -116.83188,32.462128,0 -116.831879,32.462128,0 -116.831878,32.462129,0 -116.831876,32.46213,0 -116.831874,32.46213,0 -116.831872,32.462131,0 -116.831871,32.462132,0 -116.83187,32.462132,0 -116.831869,32.462133,0 -116.831867,32.462133,0 -116.831866,32.462134,0 -116.831865,32.462134,0 -116.831863,32.462135,0 -116.831861,32.462135,0 -116.83186,32.462136,0 -116.831858,32.462136,0 -116.831857,32.462137,0 -116.831856,32.462137,0 -116.831855,32.462137,0 -116.831854,32.462138,0 -116.831853,32.462138,0 -116.831852,32.462138,0 -116.83185,32.462139,0 -116.831849,32.462139,0 -116.831848,32.462139,0 -116.831847,32.462139,0 -116.831846,32.46214,0 -116.831845,32.46214,0 -116.831843,32.46214,0 -116.831842,32.462141,0 -116.83184,32.462141,0 -116.831839,32.462141,0 -116.831838,32.462141,0 -116.831837,32.462141,0 -116.831836,32.462142,0 -116.83183,32.462142,0 -116.831828,32.462143,0 -116.831826,32.462143,0 -116.831824,32.462143,0 -116.831823,32.462143,0 -116.831818,32.462143,0 -116.831816,32.462143,0 -116.831815,32.462144,0 -116.831811,32.462144,0 -116.831809,32.462144,0 -116.831808,32.462144,0 -116.831806,32.462144,0 -116.831804,32.462143,0 -116.831791,32.462143,0 -116.83179,32.462142,0 -116.831789,32.462142,0 -116.831785,32.462142,0 -116.831784,32.462142,0 -116.831783,32.462141,0 -116.831779,32.462141,0 -116.831777,32.46214,0 -116.831776,32.46214,0 -116.831775,32.46214,0 -116.831774,32.46214,0 -116.831773,32.462139,0 -116.831772,32.462139,0 -116.831771,32.462139,0 -116.83177,32.462139,0 -116.831769,32.462138,0 -116.831767,32.462138,0 -116.831765,32.462137,0 -116.831764,32.462137,0 -116.831762,32.462136,0 -116.83176,32.462136,0 -116.831759,32.462135,0 -116.831757,32.462135,0 -116.831756,32.462134,0 -116.831754,32.462134,0 -116.831753,32.462133,0 -116.831751,32.462133,0 -116.83175,32.462132,0 -116.831749,32.462132,0 -116.831747,32.462131,0 -116.831746,32.46213,0 -116.831745,32.46213,0 -116.831744,32.46213,0 -116.831742,32.462129,0 -116.831738,32.462127,0 -116.831737,32.462126,0 -116.831736,32.462126,0 -116.831735,32.462125,0 -116.831732,32.462124,0 -116.83173,32.462122,0 -116.831729,32.462122,0 -116.831728,32.462121,0 -116.831727,32.462121,0 -116.831727,32.46212,0 -116.831726,32.46212,0 -116.831724,32.462118,0 -116.831723,32.462118,0 -116.831722,32.462117,0 -116.831721,32.462116,0 -116.83172,32.462116,0 -116.831719,32.462115,0 -116.831718,32.462115,0 -116.831717,32.462113,0 -116.831716,32.462113,0 -116.831712,32.462109,0 -116.831711,32.462109,0 -116.83171,32.462108,0 -116.831706,32.462104,0 -116.831705,32.462104,0 -116.827519,32.45783,0 -116.827519,32.457829,0 -116.827518,32.457828,0 -116.827517,32.457827,0 -116.827516,32.457826,0 -116.827515,32.457825,0 -116.827511,32.457821,0 -116.82751,32.45782,0 -116.82751,32.457819,0 -116.827509,32.457818,0 -116.827508,32.457817,0 -116.827507,32.457816,0 -116.827507,32.457815,0 -116.827505,32.457813,0 -116.827503,32.457811,0 -116.827503,32.45781,0 -116.827502,32.457809,0 -116.827502,32.457808,0 -116.8275,32.457807,0 -116.8275,32.457806,0 -116.827499,32.457805,0 -116.827498,32.457804,0 -116.827498,32.457803,0 -116.827497,32.457802,0 -116.827497,32.457801,0 -116.827496,32.457801,0 -116.827496,32.4578,0 -116.827495,32.457799,0 -116.827495,32.457798,0 -116.827493,32.457796,0 -116.827493,32.457795,0 -116.827492,32.457794,0 -116.827491,32.457792,0 -116.827491,32.457791,0 -116.82749,32.45779,0 -116.82749,32.457789,0 -116.827489,32.457789,0 -116.827489,32.457788,0 -116.827488,32.457787,0 -116.827488,32.457786,0 -116.827487,32.457785,0 -116.827487,32.457784,0 -116.827486,32.457783,0 -116.827485,32.457781,0 -116.827485,32.45778,0 -116.827484,32.457779,0 -116.827484,32.457778,0 -116.827483,32.457776,0 -116.827483,32.457775,0 -116.827482,32.457774,0 -116.827482,32.457773,0 -116.827481,32.457772,0 -116.827481,32.45777,0 -116.82748,32.457769,0 -116.82748,32.457768,0 -116.827479,32.457767,0 -116.827479,32.457765,0 -116.827478,32.457764,0 -116.827478,32.457763,0 -116.827478,32.457762,0 -116.827477,32.457762,0 -116.827477,32.457761,0 -116.827477,32.45776,0 -116.827477,32.457759,0 -116.827476,32.457758,0 -116.827476,32.457756,0 -116.827475,32.457755,0 -116.827475,32.457753,0 -116.827474,32.457751,0 -116.827474,32.45775,0 -116.827474,32.457748,0 -116.827473,32.457747,0 -116.827473,32.457744,0 -116.827473,32.457743,0 -116.827472,32.457742,0 -116.827472,32.457737,0 -116.827471,32.457737,0 -116.827471,32.457736,0 -116.827471,32.457735,0 -116.827471,32.45773,0 -116.82747,32.457729,0 -116.82747,32.457728,0 -116.82747,32.457727,0 -116.82747,32.457726,0 -116.82747,32.457723,0 -116.82747,32.457722,0 -116.82747,32.457721,0 -116.82747,32.45772,0 -116.82747,32.457719,0 -116.82747,32.457717,0 -116.82747,32.4577,0 -116.82747,32.457699,0 -116.82747,32.457698,0 -116.82747,32.457697,0 -116.82747,32.457696,0 -116.82747,32.457695,0 -116.82747,32.457694,0 -116.82747,32.457693,0 -116.827471,32.457692,0 -116.827471,32.457691,0 -116.827471,32.45769,0 -116.827471,32.457689,0 -116.827471,32.457688,0 -116.827471,32.457687,0 -116.827471,32.457686,0 -116.827471,32.457685,0 -116.827471,32.457684,0 -116.827471,32.457683,0 -116.827472,32.457682,0 -116.827472,32.457681,0 -116.827472,32.45768,0 -116.827472,32.457679,0 -116.827472,32.457678,0 -116.827472,32.457677,0 -116.827472,32.457676,0 -116.827473,32.457675,0 -116.827473,32.457674,0 -116.827473,32.457673,0 -116.827473,32.457672,0 -116.827473,32.457671,0 -116.827473,32.45767,0 -116.827473,32.457669,0 -116.827474,32.457669,0 -116.827474,32.457668,0 -116.827474,32.457667,0 -116.827474,32.457666,0 -116.827474,32.457665,0 -116.827474,32.457664,0 -116.827474,32.457663,0 -116.827475,32.457663,0 -116.827475,32.457662,0 -116.827475,32.457661,0 -116.827475,32.45766,0 -116.827475,32.457659,0 -116.827475,32.457658,0 -116.827476,32.457658,0 -116.827476,32.457657,0 -116.827476,32.457656,0 -116.827476,32.457655,0 -116.827476,32.457654,0 -116.827477,32.457653,0 -116.827477,32.457652,0 -116.827477,32.457651,0 -116.827477,32.45765,0 -116.827477,32.457649,0 -116.827478,32.457649,0 -116.827478,32.457648,0 -116.827478,32.457647,0 -116.827478,32.457646,0 -116.827478,32.457645,0 -116.827479,32.457645,0 -116.827479,32.457644,0 -116.827479,32.457643,0 -116.827479,32.457642,0 -116.82748,32.457641,0 -116.82748,32.45764,0 -116.82748,32.457639,0 -116.82748,32.457638,0 -116.827481,32.457637,0 -116.827481,32.457636,0 -116.827481,32.457635,0 -116.827481,32.457634,0 -116.827482,32.457634,0 -116.827482,32.457633,0 -116.827482,32.457632,0 -116.827482,32.457631,0 -116.827483,32.45763,0 -116.827483,32.457629,0 -116.827483,32.457628,0 -116.827484,32.457627,0 -116.827484,32.457626,0 -116.827484,32.457625,0 -116.827485,32.457624,0 -116.827485,32.457623,0 -116.827485,32.457622,0 -116.827486,32.457621,0 -116.827486,32.45762,0 -116.827486,32.457619,0 -116.827487,32.457618,0 -116.827487,32.457617,0 -116.827487,32.457616,0 -116.827488,32.457616,0 -116.827488,32.457615,0 -116.827488,32.457614,0 -116.827488,32.457613,0 -116.827489,32.457613,0 -116.827489,32.457612,0 -116.827489,32.45761,0 -116.82749,32.457609,0 -116.827491,32.457607,0 -116.827491,32.457605,0 -116.827492,32.457603,0 -116.827493,32.457601,0 -116.827493,32.4576,0 -116.827494,32.457598,0 -116.827494,32.457596,0 -116.827495,32.457594,0 -116.827495,32.457593,0 -116.827496,32.457591,0 -116.827496,32.457589,0 -116.827497,32.457587,0 -116.827497,32.457585,0 -116.827498,32.457584,0 -116.827498,32.457582,0 -116.827499,32.45758,0 -116.827499,32.457578,0 -116.827499,32.457576,0 -116.8275,32.457575,0 -116.8275,32.457573,0 -116.827501,32.457571,0 -116.827501,32.457569,0 -116.827501,32.457567,0 -116.827502,32.457566,0 -116.827502,32.457564,0 -116.827502,32.457562,0 -116.827503,32.45756,0 -116.827503,32.457558,0 -116.827503,32.457557,0 -116.827503,32.457555,0 -116.827504,32.457553,0 -116.827504,32.457551,0 -116.827504,32.457549,0 -116.827504,32.457547,0 -116.827504,32.457546,0 -116.827505,32.457544,0 -116.827505,32.457542,0 -116.827505,32.45754,0 -116.827505,32.457538,0 -116.827505,32.457536,0 -116.827505,32.457535,0 -116.827505,32.457533,0 -116.827506,32.457531,0 -116.827506,32.457529,0 -116.827506,32.457527,0 -116.827506,32.457525,0 -116.827506,32.457524,0 -116.827506,32.457522,0 -116.827506,32.45752,0 -116.827506,32.457518,0 -116.827506,32.457516,0 -116.827506,32.457514,0 -116.827506,32.457513,0 -116.827506,32.457511,0 -116.827506,32.457509,0 -116.827506,32.457507,0 -116.827505,32.457505,0 -116.827505,32.457503,0 -116.827505,32.457502,0 -116.827505,32.4575,0 -116.827505,32.457498,0 -116.827505,32.457496,0 -116.827505,32.457494,0 -116.827504,32.457492,0 -116.827504,32.457491,0 -116.827504,32.457489,0 -116.827504,32.457487,0 -116.827504,32.457485,0 -116.827503,32.457483,0 -116.827503,32.457482,0 -116.827503,32.45748,0 -116.827503,32.457478,0 -116.827502,32.457476,0 -116.827502,32.457474,0 -116.827502,32.457472,0 -116.827501,32.457471,0 -116.827501,32.457469,0 -116.827501,32.457467,0 -116.8275,32.457465,0 -116.8275,32.457463,0 -116.827499,32.457462,0 -116.827499,32.45746,0 -116.827499,32.457458,0 -116.827498,32.457456,0 -116.827498,32.457454,0 -116.827497,32.457453,0 -116.827497,32.457451,0 -116.827496,32.457449,0 -116.827496,32.457447,0 -116.827495,32.457445,0 -116.827495,32.457444,0 -116.827494,32.457442,0 -116.827494,32.45744,0 -116.827493,32.457438,0 -116.827492,32.457437,0 -116.827492,32.457435,0 -116.827491,32.457433,0 -116.827491,32.457431,0 -116.82749,32.45743,0 -116.827489,32.457428,0 -116.827489,32.457426,0 -116.827488,32.457424,0 -116.827487,32.457423,0 -116.827487,32.457421,0 -116.827486,32.457419,0 -116.827485,32.457417,0 -116.827485,32.457416,0 -116.827484,32.457414,0 -116.827483,32.457412,0 -116.827482,32.45741,0 -116.827482,32.457409,0 -116.827481,32.457407,0 -116.82748,32.457405,0 -116.827479,32.457404,0 -116.827478,32.457402,0 -116.827477,32.4574,0 -116.827477,32.457399,0 -116.827476,32.457397,0 -116.827475,32.457395,0 -116.827474,32.457394,0 -116.827473,32.457392,0 -116.827472,32.45739,0 -116.827471,32.457389,0 -116.82747,32.457387,0 -116.827469,32.457385,0 -116.827468,32.457384,0 -116.827467,32.457382,0 -116.827466,32.45738,0 -116.827466,32.457379,0 -116.827465,32.457377,0 -116.827464,32.457375,0 -116.827462,32.457374,0 -116.827461,32.457372,0 -116.82746,32.457371,0 -116.827459,32.457369,0 -116.827458,32.457367,0 -116.827457,32.457366,0 -116.827456,32.457364,0 -116.827455,32.457363,0 -116.827454,32.457361,0 -116.827453,32.457359,0 -116.827452,32.457358,0 -116.82745,32.457356,0 -116.827449,32.457355,0 -116.827448,32.457353,0 -116.827447,32.457352,0 -116.827446,32.45735,0 -116.827445,32.457349,0 -116.827443,32.457347,0 -116.827442,32.457346,0 -116.827441,32.457344,0 -116.82744,32.457343,0 -116.827438,32.457341,0 -116.827437,32.45734,0 -116.827436,32.457338,0 -116.827435,32.457337,0 -116.827433,32.457335,0 -116.827432,32.457334,0 -116.827431,32.457332,0 -116.827429,32.457331,0 -116.827428,32.457329,0 -116.827427,32.457328,0 -116.827425,32.457327,0 -116.827424,32.457325,0 -116.827423,32.457324,0 -116.827421,32.457322,0 -116.82742,32.457321,0 -116.827418,32.45732,0 -116.827417,32.457318,0 -116.827416,32.457317,0 -116.827414,32.457315,0 -116.827413,32.457314,0 -116.827411,32.457313,0 -116.82741,32.457311,0 -116.827408,32.45731,0 -116.827407,32.457309,0 -116.827405,32.457307,0 -116.827404,32.457306,0 -116.827403,32.457306,0 -116.827403,32.457305,0 -116.827402,32.457305,0 -116.827402,32.457304,0 -116.827401,32.457304,0 -116.827401,32.457303,0 -116.8274,32.457303,0 -116.8274,32.457302,0 -116.827399,32.457302,0 -116.827399,32.457301,0 -116.827398,32.457301,0 -116.827398,32.4573,0 -116.827397,32.4573,0 -116.827397,32.457299,0 -116.827396,32.457299,0 -116.827396,32.457298,0 -116.827395,32.457297,0 -116.827394,32.457296,0 -116.827393,32.457295,0 -116.827393,32.457294,0 -116.827392,32.457294,0 -116.827392,32.457293,0 -116.827391,32.457292,0 -116.827391,32.457291,0 -116.82739,32.457291,0 -116.82739,32.45729,0 -116.827389,32.45729,0 -116.827389,32.457289,0 -116.827389,32.457288,0 -116.827388,32.457288,0 -116.827388,32.457287,0 -116.827387,32.457286,0 -116.827387,32.457285,0 -116.827386,32.457285,0 -116.827386,32.457284,0 -116.827386,32.457283,0 -116.827385,32.457283,0 -116.827385,32.457282,0 -116.827385,32.457281,0 -116.827384,32.457281,0 -116.827384,32.45728,0 -116.827384,32.457279,0 -116.827383,32.457278,0 -116.827383,32.457277,0 -116.827383,32.457276,0 -116.827382,32.457276,0 -116.827382,32.457275,0 -116.827382,32.457274,0 -116.827381,32.457273,0 -116.827381,32.457272,0 -116.827381,32.457271,0 -116.827381,32.45727,0 -116.82738,32.45727,0 -116.82738,32.457269,0 -116.82738,32.457268,0 -116.82738,32.457267,0 -116.82738,32.457266,0 -116.827379,32.457266,0 -116.827379,32.457265,0 -116.827379,32.457264,0 -116.827379,32.457263,0 -116.827379,32.457262,0 -116.827379,32.457261,0 -116.827378,32.45726,0 -116.827378,32.457259,0 -116.827378,32.457258,0 -116.827378,32.457257,0 -116.827378,32.457256,0 -116.827378,32.457255,0 -116.827378,32.457254,0 -116.827378,32.457253,0 -116.827378,32.457252,0 -116.827378,32.457251,0 -116.827378,32.45725,0 -116.827378,32.457249,0 -116.827378,32.457248,0 -116.827378,32.457247,0 -116.827378,32.457246,0 -116.827378,32.457245,0 -116.827378,32.457244,0 -116.827379,32.457244,0 -116.827379,32.457243,0 -116.827379,32.457242,0 -116.827379,32.457241,0 -116.827379,32.45724,0 -116.827379,32.457239,0 -116.827379,32.457238,0 -116.82738,32.457238,0 -116.82738,32.457237,0 -116.82738,32.457236,0 -116.82738,32.457235,0 -116.82738,32.457234,0 -116.827381,32.457234,0 -116.827381,32.457233,0 -116.827381,32.457232,0 -116.827381,32.457231,0 -116.827382,32.457229,0 -116.827382,32.457228,0 -116.827382,32.457227,0 -116.827383,32.457226,0 -116.827383,32.457225,0 -116.827383,32.457224,0 -116.827384,32.457222,0 -116.827384,32.457221,0 -116.827384,32.45722,0 -116.827385,32.457219,0 -116.827385,32.457218,0 -116.827385,32.457217,0 -116.827386,32.457215,0 -116.827386,32.457214,0 -116.827386,32.457213,0 -116.827386,32.457212,0 -116.827387,32.457211,0 -116.827387,32.45721,0 -116.827387,32.457208,0 -116.827388,32.457207,0 -116.827388,32.457206,0 -116.827388,32.457205,0 -116.827388,32.457204,0 -116.827389,32.457203,0 -116.827389,32.457201,0 -116.827389,32.4572,0 -116.827389,32.457199,0 -116.82739,32.457198,0 -116.82739,32.457197,0 -116.82739,32.457196,0 -116.827391,32.457194,0 -116.827391,32.457193,0 -116.827391,32.457192,0 -116.827391,32.457191,0 -116.827392,32.45719,0 -116.827392,32.457189,0 -116.827392,32.457187,0 -116.827392,32.457186,0 -116.827393,32.457185,0 -116.827393,32.457184,0 -116.827393,32.457183,0 -116.827393,32.457182,0 -116.827394,32.45718,0 -116.827394,32.457179,0 -116.827394,32.457178,0 -116.827394,32.457177,0 -116.827394,32.457176,0 -116.827395,32.457175,0 -116.827395,32.457173,0 -116.827395,32.457172,0 -116.827395,32.457171,0 -116.827396,32.45717,0 -116.827396,32.457169,0 -116.827396,32.457168,0 -116.827396,32.457166,0 -116.827396,32.457165,0 -116.827397,32.457164,0 -116.827397,32.457163,0 -116.827397,32.457162,0 -116.827397,32.45716,0 -116.827398,32.457159,0 -116.827398,32.457158,0 -116.827398,32.457157,0 -116.827398,32.457156,0 -116.827398,32.457155,0 -116.827398,32.457153,0 -116.827399,32.457152,0 -116.827399,32.457151,0 -116.827399,32.45715,0 -116.827399,32.457149,0 -116.827399,32.457147,0 -116.8274,32.457146,0 -116.8274,32.457145,0 -116.8274,32.457144,0 -116.8274,32.457143,0 -116.8274,32.457142,0 -116.8274,32.45714,0 -116.827401,32.457139,0 -116.827401,32.457138,0 -116.827401,32.457137,0 -116.827401,32.457136,0 -116.827401,32.457135,0 -116.827401,32.457133,0 -116.827402,32.457132,0 -116.827402,32.457131,0 -116.827402,32.45713,0 -116.827402,32.457129,0 -116.827402,32.457127,0 -116.827402,32.457126,0 -116.827403,32.457125,0 -116.827403,32.457124,0 -116.827403,32.457123,0 -116.827403,32.457121,0 -116.827403,32.45712,0 -116.827403,32.457119,0 -116.827403,32.457118,0 -116.827403,32.457117,0 -116.827404,32.457116,0 -116.827404,32.457114,0 -116.827404,32.457113,0 -116.827404,32.457112,0 -116.827404,32.457111,0 -116.827404,32.45711,0 -116.827404,32.457108,0 -116.827404,32.457107,0 -116.827405,32.457106,0 -116.827405,32.457105,0 -116.827405,32.457104,0 -116.827405,32.457103,0 -116.827405,32.457101,0 -116.827405,32.4571,0 -116.827405,32.457099,0 -116.827405,32.457098,0 -116.827405,32.457097,0 -116.827405,32.457095,0 -116.827406,32.457094,0 -116.827406,32.457093,0 -116.827406,32.457092,0 -116.827406,32.457091,0 -116.827406,32.457089,0 -116.827406,32.457088,0 -116.827406,32.457087,0 -116.827406,32.457086,0 -116.827406,32.457085,0 -116.827406,32.457084,0 -116.827406,32.457082,0 -116.827406,32.457081,0 -116.827407,32.45708,0 -116.827407,32.457079,0 -116.827407,32.457078,0 -116.827407,32.457076,0 -116.827407,32.457075,0 -116.827407,32.457074,0 -116.827407,32.457073,0 -116.827407,32.457072,0 -116.827407,32.45707,0 -116.827407,32.457069,0 -116.827407,32.457068,0 -116.827407,32.457067,0 -116.827407,32.457066,0 -116.827407,32.457065,0 -116.827407,32.457063,0 -116.827407,32.457062,0 -116.827407,32.457061,0 -116.827407,32.45706,0 -116.827407,32.457059,0 -116.827407,32.457057,0 -116.827407,32.457056,0 -116.827407,32.457055,0 -116.827408,32.457054,0 -116.827408,32.457053,0 -116.827408,32.457051,0 -116.827408,32.45705,0 -116.827408,32.457049,0 -116.827408,32.457048,0 -116.827408,32.457047,0 -116.827408,32.457046,0 -116.827408,32.457044,0 -116.827408,32.457043,0 -116.827408,32.457042,0 -116.827408,32.457041,0 -116.827408,32.45704,0 -116.827408,32.457038,0 -116.827408,32.457037,0 -116.827408,32.457036,0 -116.827408,32.457035,0 -116.827408,32.457034,0 -116.827408,32.457032,0 -116.827408,32.457031,0 -116.827408,32.45703,0 -116.827408,32.457029,0 -116.827408,32.457028,0 -116.827408,32.457026,0 -116.827407,32.457025,0 -116.827407,32.457024,0 -116.827407,32.457023,0 -116.827407,32.457022,0 -116.827408,32.45702,0 -116.827408,32.457017,0 -116.827408,32.457015,0 -116.827409,32.457013,0 -116.827409,32.457011,0 -116.827409,32.457009,0 -116.82741,32.457007,0 -116.82741,32.457004,0 -116.82741,32.457002,0 -116.827411,32.457,0 -116.827411,32.456998,0 -116.827411,32.456996,0 -116.827412,32.456994,0 -116.827412,32.456991,0 -116.827413,32.456989,0 -116.827413,32.456987,0 -116.827414,32.456985,0 -116.827414,32.456983,0 -116.827415,32.456981,0 -116.827415,32.456978,0 -116.827416,32.456976,0 -116.827416,32.456974,0 -116.827417,32.456972,0 -116.827417,32.45697,0 -116.827418,32.456968,0 -116.827418,32.456966,0 -116.827419,32.456963,0 -116.827419,32.456961,0 -116.82742,32.456959,0 -116.827421,32.456957,0 -116.827421,32.456955,0 -116.827422,32.456953,0 -116.827423,32.456951,0 -116.827423,32.456949,0 -116.827424,32.456947,0 -116.827425,32.456944,0 -116.827425,32.456942,0 -116.827426,32.45694,0 -116.827427,32.456938,0 -116.827427,32.456936,0 -116.827428,32.456934,0 -116.827429,32.456932,0 -116.82743,32.45693,0 -116.82743,32.456928,0 -116.827431,32.456926,0 -116.827432,32.456923,0 -116.827433,32.456921,0 -116.827434,32.456919,0 -116.827434,32.456917,0 -116.827435,32.456915,0 -116.827436,32.456913,0 -116.827437,32.456911,0 -116.827438,32.456909,0 -116.827439,32.456907,0 -116.82744,32.456905,0 -116.827441,32.456903,0 -116.827441,32.456901,0 -116.827442,32.456899,0 -116.827443,32.456897,0 -116.827444,32.456895,0 -116.827445,32.456893,0 -116.827446,32.456891,0 -116.827447,32.456889,0 -116.827448,32.456887,0 -116.827449,32.456885,0 -116.82745,32.456883,0 -116.827451,32.456881,0 -116.827452,32.456879,0 -116.827453,32.456877,0 -116.827454,32.456875,0 -116.827455,32.456873,0 -116.827457,32.456871,0 -116.827458,32.456869,0 -116.827459,32.456867,0 -116.82746,32.456865,0 -116.827461,32.456863,0 -116.827462,32.456861,0 -116.827463,32.456859,0 -116.827464,32.456857,0 -116.827466,32.456855,0 -116.827467,32.456853,0 -116.827468,32.456851,0 -116.827469,32.456849,0 -116.82747,32.456847,0 -116.827472,32.456845,0 -116.827473,32.456843,0 -116.827474,32.456841,0 -116.827475,32.456839,0 -116.827477,32.456837,0 -116.827478,32.456836,0 -116.827479,32.456834,0 -116.82748,32.456832,0 -116.827482,32.45683,0 -116.827483,32.456828,0 -116.827484,32.456826,0 -116.827486,32.456824,0 -116.827487,32.456822,0 -116.827488,32.456821,0 -116.82749,32.456819,0 -116.827491,32.456817,0 -116.827493,32.456815,0 -116.827494,32.456813,0 -116.827495,32.456811,0 -116.827497,32.456809,0 -116.827498,32.456808,0 -116.8275,32.456806,0 -116.827501,32.456804,0 -116.827503,32.456802,0 -116.827504,32.4568,0 -116.827505,32.456799,0 -116.827507,32.456797,0 -116.827508,32.456795,0 -116.82751,32.456793,0 -116.827511,32.456791,0 -116.827513,32.45679,0 -116.827515,32.456788,0 -116.827516,32.456786,0 -116.827518,32.456784,0 -116.827519,32.456783,0 -116.827521,32.456781,0 -116.827522,32.456779,0 -116.827524,32.456778,0 -116.827526,32.456776,0 -116.827527,32.456774,0 -116.827529,32.456772,0 -116.82753,32.456771,0 -116.827532,32.456769,0 -116.827534,32.456767,0 -116.827535,32.456766,0 -116.827537,32.456764,0 -116.827539,32.456762,0 -116.82754,32.456761,0 -116.827542,32.456759,0 -116.827544,32.456757,0 -116.827545,32.456756,0 -116.827547,32.456754,0 -116.827549,32.456752,0 -116.827551,32.456751,0 -116.827552,32.456749,0 -116.827554,32.456748,0 -116.827556,32.456746,0 -116.827558,32.456744,0 -116.827559,32.456743,0 -116.827561,32.456741,0 -116.827563,32.45674,0 -116.827565,32.456738,0 -116.827567,32.456737,0 -116.827568,32.456735,0 -116.82757,32.456733,0 -116.827572,32.456732,0 -116.827574,32.45673,0 -116.827576,32.456729,0 -116.827578,32.456727,0 -116.82758,32.456726,0 -116.827581,32.456724,0 -116.827583,32.456723,0 -116.827585,32.456721,0 -116.827587,32.45672,0 -116.827589,32.456718,0 -116.827591,32.456717,0 -116.827593,32.456716,0 -116.827595,32.456714,0 -116.827597,32.456713,0 -116.827599,32.456711,0 -116.827601,32.45671,0 -116.827603,32.456708,0 -116.827605,32.456707,0 -116.827607,32.456706,0 -116.827609,32.456704,0 -116.827611,32.456703,0 -116.827613,32.456701,0 -116.827615,32.4567,0 -116.827617,32.456699,0 -116.827619,32.456697,0 -116.827621,32.456696,0 -116.827623,32.456695,0 -116.827625,32.456693,0 -116.827627,32.456692,0 -116.827629,32.456691,0 -116.827631,32.456689,0 -116.828544,32.456419,0 -116.832477,32.455528,0 -116.835131,32.454665,0 -116.853647,32.447079,0 -116.853654,32.447077,0 -116.85366,32.447074,0 -116.853667,32.447072,0 -116.853673,32.447069,0 -116.853679,32.447066,0 -116.853686,32.447064,0 -116.853692,32.447061,0 -116.853699,32.447059,0 -116.853705,32.447056,0 -116.853712,32.447054,0 -116.853718,32.447051,0 -116.853724,32.447049,0 -116.853731,32.447046,0 -116.853737,32.447044,0 -116.853744,32.447041,0 -116.85375,32.447039,0 -116.853757,32.447036,0 -116.853763,32.447034,0 -116.85377,32.447031,0 -116.853776,32.447029,0 -116.853783,32.447026,0 -116.853789,32.447024,0 -116.853796,32.447022,0 -116.853802,32.447019,0 -116.853809,32.447017,0 -116.853815,32.447014,0 -116.853822,32.447012,0 -116.853828,32.44701,0 -116.853835,32.447007,0 -116.853841,32.447005,0 -116.853848,32.447003,0 -116.853854,32.447,0 -116.853861,32.446998,0 -116.853868,32.446996,0 -116.853874,32.446993,0 -116.853881,32.446991,0 -116.853887,32.446989,0 -116.853894,32.446987,0 -116.8539,32.446984,0 -116.853907,32.446982,0 -116.853914,32.44698,0 -116.85392,32.446978,0 -116.853927,32.446975,0 -116.853933,32.446973,0 -116.85394,32.446971,0 -116.853947,32.446969,0 -116.853953,32.446967,0 -116.85396,32.446964,0 -116.853966,32.446962,0 -116.853973,32.44696,0 -116.85398,32.446958,0 -116.853986,32.446956,0 -116.853993,32.446954,0 -116.854,32.446952,0 -116.854006,32.446949,0 -116.854013,32.446947,0 -116.854019,32.446945,0 -116.854026,32.446943,0 -116.854033,32.446941,0 -116.854039,32.446939,0 -116.854046,32.446937,0 -116.854053,32.446935,0 -116.85406,32.446933,0 -116.854066,32.446931,0 -116.854073,32.446929,0 -116.85408,32.446927,0 -116.854086,32.446925,0 -116.854093,32.446923,0 -116.8541,32.446921,0 -116.854106,32.446919,0 -116.854113,32.446917,0 -116.85412,32.446915,0 -116.854127,32.446913,0 -116.854133,32.446911,0 -116.85414,32.446909,0 -116.854147,32.446907,0 -116.854153,32.446906,0 -116.85416,32.446904,0 -116.854167,32.446902,0 -116.854174,32.4469,0 -116.85418,32.446898,0 -116.854187,32.446896,0 -116.854194,32.446894,0 -116.854201,32.446893,0 -116.854207,32.446891,0 -116.854214,32.446889,0 -116.854221,32.446887,0 -116.854228,32.446885,0 -116.854235,32.446884,0 -116.854241,32.446882,0 -116.854248,32.44688,0 -116.854255,32.446878,0 -116.854262,32.446877,0 -116.854269,32.446875,0 -116.854275,32.446873,0 -116.854282,32.446871,0 -116.854289,32.44687,0 -116.854296,32.446868,0 -116.854303,32.446866,0 -116.854309,32.446865,0 -116.854316,32.446863,0 -116.854323,32.446861,0 -116.85433,32.44686,0 -116.854337,32.446858,0 -116.854343,32.446856,0 -116.85435,32.446855,0 -116.854357,32.446853,0 -116.854364,32.446852,0 -116.854371,32.44685,0 -116.854378,32.446848,0 -116.854385,32.446847,0 -116.854391,32.446845,0 -116.854398,32.446844,0 -116.854405,32.446842,0 -116.854412,32.446841,0 -116.854419,32.446839,0 -116.854426,32.446838,0 -116.854433,32.446836,0 -116.854439,32.446835,0 -116.854446,32.446833,0 -116.854453,32.446832,0 -116.85446,32.44683,0 -116.854467,32.446829,0 -116.854474,32.446827,0 -116.854481,32.446826,0 -116.854488,32.446825,0 -116.854495,32.446823,0 -116.854502,32.446822,0 -116.854508,32.44682,0 -116.854515,32.446819,0 -116.854522,32.446818,0 -116.854529,32.446816,0 -116.854536,32.446815,0 -116.854543,32.446814,0 -116.85455,32.446812,0 -116.854557,32.446811,0 -116.854564,32.44681,0 -116.854571,32.446808,0 -116.854578,32.446807,0 -116.854585,32.446806,0 -116.854592,32.446804,0 -116.854598,32.446803,0 -116.854605,32.446802,0 -116.854612,32.446801,0 -116.854619,32.4468,0 -116.854626,32.446798,0 -116.854633,32.446797,0 -116.85464,32.446796,0 -116.854647,32.446795,0 -116.854654,32.446794,0 -116.854661,32.446792,0 -116.854668,32.446791,0 -116.854675,32.44679,0 -116.854682,32.446789,0 -116.854689,32.446788,0 -116.854696,32.446787,0 -116.854703,32.446786,0 -116.85471,32.446784,0 -116.854717,32.446783,0 -116.854724,32.446782,0 -116.854731,32.446781,0 -116.854738,32.44678,0 -116.854745,32.446779,0 -116.854752,32.446778,0 -116.854759,32.446777,0 -116.854766,32.446776,0 -116.854773,32.446775,0 -116.85478,32.446774,0 -116.854787,32.446773,0 -116.854794,32.446772,0 -116.854801,32.446771,0 -116.854808,32.44677,0 -116.854815,32.446769,0 -116.854822,32.446768,0 -116.854829,32.446767,0 -116.854836,32.446766,0 -116.854843,32.446766,0 -116.85485,32.446765,0 -116.854857,32.446764,0 -116.854864,32.446763,0 -116.854873,32.446762,0 -116.854881,32.446761,0 -116.85489,32.44676,0 -116.854899,32.446759,0 -116.854907,32.446758,0 -116.854916,32.446757,0 -116.854925,32.446756,0 -116.854934,32.446755,0 -116.854942,32.446754,0 -116.854951,32.446753,0 -116.85496,32.446752,0 -116.854968,32.446751,0 -116.854977,32.44675,0 -116.854986,32.446749,0 -116.854995,32.446748,0 -116.855003,32.446747,0 -116.855012,32.446746,0 -116.855021,32.446745,0 -116.855029,32.446744,0 -116.855038,32.446743,0 -116.855047,32.446743,0 -116.855056,32.446742,0 -116.855064,32.446741,0 -116.855073,32.44674,0 -116.855082,32.446739,0 -116.855091,32.446738,0 -116.855099,32.446738,0 -116.855108,32.446737,0 -116.855117,32.446736,0 -116.855126,32.446735,0 -116.855134,32.446735,0 -116.855143,32.446734,0 -116.855152,32.446733,0 -116.855161,32.446732,0 -116.855169,32.446732,0 -116.855178,32.446731,0 -116.855187,32.44673,0 -116.855196,32.44673,0 -116.855204,32.446729,0 -116.855213,32.446728,0 -116.855222,32.446728,0 -116.855231,32.446727,0 -116.85524,32.446726,0 -116.855248,32.446726,0 -116.855257,32.446725,0 -116.855266,32.446725,0 -116.855275,32.446724,0 -116.855283,32.446724,0 -116.855292,32.446723,0 -116.855301,32.446722,0 -116.85531,32.446722,0 -116.855318,32.446721,0 -116.855327,32.446721,0 -116.855336,32.44672,0 -116.855345,32.44672,0 -116.855354,32.446719,0 -116.855362,32.446719,0 -116.855371,32.446719,0 -116.85538,32.446718,0 -116.855389,32.446718,0 -116.855397,32.446717,0 -116.855406,32.446717,0 -116.855415,32.446716,0 -116.855424,32.446716,0 -116.855433,32.446716,0 -116.855441,32.446715,0 -116.85545,32.446715,0 -116.855459,32.446715,0 -116.855468,32.446714,0 -116.855477,32.446714,0 -116.855485,32.446714,0 -116.855494,32.446713,0 -116.855503,32.446713,0 -116.855512,32.446713,0 -116.85552,32.446713,0 -116.855529,32.446712,0 -116.855538,32.446712,0 -116.855547,32.446712,0 -116.855556,32.446712,0 -116.855564,32.446711,0 -116.855573,32.446711,0 -116.855582,32.446711,0 -116.855591,32.446711,0 -116.8556,32.446711,0 -116.855608,32.446711,0 -116.855617,32.44671,0 -116.855626,32.44671,0 -116.855635,32.44671,0 -116.855644,32.44671,0 -116.855652,32.44671,0 -116.855661,32.44671,0 -116.85567,32.44671,0 -116.855679,32.44671,0 -116.855688,32.44671,0 -116.855696,32.44671,0 -116.855705,32.44671,0 -116.855714,32.44671,0 -116.855723,32.44671,0 -116.855732,32.44671,0 -116.85574,32.44671,0 -116.855749,32.44671,0 -116.855758,32.44671,0 -116.855767,32.44671,0 -116.855775,32.44671,0 -116.855784,32.44671,0 -116.855793,32.44671,0 -116.855802,32.44671,0 -116.855811,32.44671,0 -116.855819,32.44671,0 -116.855828,32.44671,0 -116.855837,32.44671,0 -116.855846,32.446711,0 -116.855855,32.446711,0 -116.855863,32.446711,0 -116.855872,32.446711,0 -116.855881,32.446711,0 -116.85589,32.446712,0 -116.855899,32.446712,0 -116.855907,32.446712,0 -116.855916,32.446712,0 -116.855925,32.446712,0 -116.855934,32.446713,0 -116.855943,32.446713,0 -116.855951,32.446713,0 -116.85596,32.446714,0 -116.855969,32.446714,0 -116.855978,32.446714,0 -116.855987,32.446714,0 -116.855995,32.446715,0 -116.856004,32.446715,0 -116.856013,32.446715,0 -116.856022,32.446716,0 -116.85603,32.446716,0 -116.856039,32.446717,0 -116.856048,32.446717,0 -116.856057,32.446717,0 -116.856066,32.446718,0 -116.856074,32.446718,0 -116.856083,32.446719,0 -116.856092,32.446719,0 -116.856101,32.44672,0 -116.856109,32.44672,0 -116.856118,32.446721,0 -116.856127,32.446721,0 -116.856136,32.446722,0 -116.856145,32.446722,0 -116.856153,32.446723,0 -116.856162,32.446723,0 -116.856171,32.446724,0 -116.85618,32.446724,0 -116.856188,32.446725,0 -116.856197,32.446725,0 -116.856206,32.446726,0 -116.856215,32.446727,0 -116.856223,32.446727,0 -116.856232,32.446728,0 -116.856241,32.446729,0 -116.85625,32.446729,0 -116.856259,32.44673,0 -116.856267,32.446731,0 -116.856276,32.446731,0 -116.856285,32.446732,0 -116.856294,32.446733,0 -116.856302,32.446733,0 -116.856311,32.446734,0 -116.85632,32.446735,0 -116.856329,32.446736,0 -116.856337,32.446736,0 -116.856346,32.446737,0 -116.856355,32.446738,0 -116.856364,32.446739,0 -116.856372,32.44674,0 -116.856381,32.44674,0 -116.85639,32.446741,0 -116.856399,32.446742,0 -116.856407,32.446743,0 -116.856416,32.446744,0 -116.856425,32.446745,0 -116.856433,32.446745,0 -116.856442,32.446746,0 -116.85645,32.446747,0 -116.856457,32.446748,0 -116.856465,32.446749,0 -116.856472,32.446749,0 -116.85648,32.44675,0 -116.856487,32.44675,0 -116.856495,32.446751,0 -116.856502,32.446752,0 -116.85651,32.446752,0 -116.856517,32.446753,0 -116.856525,32.446753,0 -116.856532,32.446754,0 -116.856547,32.446754,0 -116.856555,32.446755,0 -116.85657,32.446755,0 -116.856577,32.446756,0 -116.856592,32.446756,0 -116.8566,32.446757,0 -116.85663,32.446757,0 -116.856637,32.446757,0 -116.856645,32.446757,0 -116.856652,32.446757,0 -116.85666,32.446757,0 -116.85669,32.446757,0 -116.856698,32.446757,0 -116.856705,32.446757,0 -116.856713,32.446756,0 -116.85672,32.446756,0 -116.856735,32.446756,0 -116.856743,32.446755,0 -116.85675,32.446755,0 -116.856758,32.446755,0 -116.856765,32.446754,0 -116.856773,32.446754,0 -116.85678,32.446753,0 -116.856788,32.446753,0 -116.856795,32.446752,0 -116.856803,32.446752,0 -116.85681,32.446751,0 -116.856818,32.446751,0 -116.856825,32.44675,0 -116.856833,32.44675,0 -116.85684,32.446749,0 -116.856848,32.446748,0 -116.856855,32.446748,0 -116.856863,32.446747,0 -116.85687,32.446746,0 -116.856878,32.446745,0 -116.856885,32.446744,0 -116.856893,32.446744,0 -116.8569,32.446743,0 -116.856907,32.446742,0 -116.856915,32.446741,0 -116.856922,32.44674,0 -116.85693,32.446739,0 -116.856937,32.446738,0 -116.856945,32.446737,0 -116.856959,32.446735,0 -116.856967,32.446734,0 -116.856974,32.446732,0 -116.856982,32.446731,0 -116.856996,32.446729,0 -116.857004,32.446728,0 -116.857011,32.446726,0 -116.857019,32.446725,0 -116.857026,32.446724,0 -116.857033,32.446722,0 -116.857041,32.446721,0 -116.857048,32.44672,0 -116.857055,32.446718,0 -116.857063,32.446717,0 -116.85707,32.446715,0 -116.857077,32.446714,0 -116.857085,32.446712,0 -116.857092,32.446711,0 -116.857099,32.446709,0 -116.857106,32.446707,0 -116.857114,32.446706,0 -116.857128,32.446702,0 -116.857135,32.446701,0 -116.857143,32.446699,0 -116.857164,32.446693,0 -116.857172,32.446692,0 -116.857179,32.44669,0 -116.857186,32.446688,0 -116.857207,32.446682,0 -116.857215,32.44668,0 -116.857236,32.446674,0 -116.857243,32.446672,0 -116.85725,32.446669,0 -116.857264,32.446665,0 -116.857271,32.446663,0 -116.857278,32.446661,0 -116.857285,32.446658,0 -116.857292,32.446656,0 -116.857299,32.446654,0 -116.857306,32.446651,0 -116.857313,32.446649,0 -116.85732,32.446647,0 -116.857327,32.446644,0 -116.857334,32.446642,0 -116.857341,32.446639,0 -116.857348,32.446637,0 -116.857355,32.446634,0 -116.857362,32.446632,0 -116.857369,32.446629,0 -116.857376,32.446627,0 -116.857383,32.446624,0 -116.857389,32.446621,0 -116.857396,32.446619,0 -116.857403,32.446616,0 -116.857417,32.44661,0 -116.857423,32.446608,0 -116.857444,32.446599,0 -116.85745,32.446596,0 -116.857457,32.446593,0 -116.857464,32.446591,0 -116.857471,32.446588,0 -116.857477,32.446585,0 -116.857484,32.446582,0 -116.857491,32.446579,0 -116.857497,32.446576,0 -116.857504,32.446573,0 -116.85751,32.446569,0 -116.857517,32.446566,0 -116.857523,32.446563,0 -116.85753,32.44656,0 -116.857537,32.446557,0 -116.857543,32.446554,0 -116.85755,32.44655,0 -116.857562,32.446544,0 -116.857569,32.446541,0 -116.857575,32.446537,0 -116.857582,32.446534,0 -116.857588,32.446531,0 -116.857595,32.446527,0 -116.857601,32.446524,0 -116.857607,32.44652,0 -116.857614,32.446517,0 -116.85762,32.446513,0 -116.857626,32.44651,0 -116.857632,32.446506,0 -116.857639,32.446503,0 -116.857645,32.446499,0 -116.857651,32.446496,0 -116.857657,32.446492,0 -116.857664,32.446488,0 -116.85767,32.446485,0 -116.857676,32.446481,0 -116.857682,32.446477,0 -116.857688,32.446474,0 -116.857694,32.44647,0 -116.8577,32.446466,0 -116.857712,32.446458,0 -116.857718,32.446455,0 -116.857745,32.446438,0 -116.857771,32.446421,0 -116.857798,32.446404,0 -116.857824,32.446386,0 -116.857851,32.446369,0 -116.857877,32.446352,0 -116.857904,32.446335,0 -116.85793,32.446318,0 -116.857957,32.446301,0 -116.857983,32.446283,0 -116.858009,32.446266,0 -116.858036,32.446249,0 -116.858062,32.446232,0 -116.858088,32.446214,0 -116.858114,32.446197,0 -116.858141,32.44618,0 -116.858167,32.446162,0 -116.858193,32.446145,0 -116.858219,32.446128,0 -116.858246,32.44611,0 -116.858272,32.446093,0 -116.858298,32.446075,0 -116.858324,32.446058,0 -116.85835,32.44604,0 -116.858376,32.446023,0 -116.858402,32.446005,0 -116.858428,32.445988,0 -116.858454,32.44597,0 -116.85848,32.445952,0 -116.858506,32.445935,0 -116.858532,32.445917,0 -116.858558,32.445899,0 -116.858584,32.445882,0 -116.858636,32.445846,0 -116.858662,32.445829,0 -116.858688,32.445811,0 -116.858714,32.445793,0 -116.85874,32.445775,0 -116.858765,32.445757,0 -116.858791,32.44574,0 -116.858843,32.445704,0 -116.858868,32.445686,0 -116.858894,32.445668,0 -116.85892,32.44565,0 -116.858945,32.445632,0 -116.858997,32.445596,0 -116.859022,32.445578,0 -116.859048,32.44556,0 -116.859073,32.445542,0 -116.859099,32.445524,0 -116.859125,32.445506,0 -116.85915,32.445488,0 -116.859176,32.445469,0 -116.859201,32.445451,0 -116.859227,32.445433,0 -116.859252,32.445415,0 -116.859277,32.445397,0 -116.859303,32.445378,0 -116.859353,32.445342,0 -116.859379,32.445324,0 -116.859404,32.445305,0 -116.859429,32.445287,0 -116.859455,32.445269,0 -116.85948,32.44525,0 -116.859505,32.445232,0 -116.85953,32.445213,0 -116.859556,32.445195,0 -116.859581,32.445176,0 -116.859606,32.445158,0 -116.859631,32.445139,0 -116.859656,32.445121,0 -116.859681,32.445102,0 -116.859706,32.445084,0 -116.859731,32.445065,0 -116.859756,32.445047,0 -116.859806,32.445009,0 -116.859831,32.444991,0 -116.859881,32.444953,0 -116.859906,32.444935,0 -116.859931,32.444916,0 -116.859956,32.444897,0 -116.859981,32.444878,0 -116.860006,32.44486,0 -116.86003,32.444841,0 -116.86013,32.444765,0 -116.860154,32.444746,0 -116.860204,32.444708,0 -116.860228,32.44469,0 -116.860253,32.444671,0 -116.860277,32.444652,0 -116.860302,32.444632,0 -116.860327,32.444613,0 -116.860351,32.444594,0 -116.860376,32.444575,0 -116.8604,32.444556,0 -116.860425,32.444537,0 -116.860449,32.444518,0 -116.860474,32.444499,0 -116.860498,32.44448,0 -116.860522,32.44446,0 -116.860547,32.444441,0 -116.860595,32.444403,0 -116.86062,32.444383,0 -116.860668,32.444345,0 -116.860693,32.444325,0 -116.860717,32.444306,0 -116.860741,32.444287,0 -116.860765,32.444267,0 -116.860789,32.444248,0 -116.860814,32.444229,0 -116.860838,32.444209,0 -116.860862,32.44419,0 -116.860886,32.44417,0 -116.86091,32.444151,0 -116.860934,32.444131,0 -116.860958,32.444112,0 -116.860982,32.444092,0 -116.861006,32.444072,0 -116.86103,32.444053,0 -116.861054,32.444033,0 -116.861078,32.444014,0 -116.861102,32.443994,0 -116.861126,32.443974,0 -116.861149,32.443955,0 -116.861173,32.443935,0 -116.861221,32.443895,0 -116.861245,32.443876,0 -116.861268,32.443856,0 -116.861292,32.443836,0 -116.861316,32.443816,0 -116.861339,32.443796,0 -116.861363,32.443777,0 -116.861387,32.443757,0 -116.86141,32.443737,0 -116.861434,32.443717,0 -116.861457,32.443697,0 -116.861481,32.443677,0 -116.861505,32.443657,0 -116.861528,32.443637,0 -116.861552,32.443617,0 -116.861575,32.443597,0 -116.861598,32.443577,0 -116.861622,32.443557,0 -116.861645,32.443537,0 -116.861669,32.443517,0 -116.861715,32.443477,0 -116.861739,32.443456,0 -116.861808,32.443396,0 -116.861832,32.443376,0 -116.861855,32.443355,0 -116.861901,32.443315,0 -116.861924,32.443295,0 -116.861947,32.443274,0 -116.861971,32.443254,0 -116.861994,32.443234,0 -116.862017,32.443213,0 -116.862063,32.443173,0 -116.862086,32.443152,0 -116.862109,32.443132,0 -116.862132,32.443111,0 -116.862155,32.443091,0 -116.862177,32.44307,0 -116.862187,32.443062,0 -116.862197,32.443053,0 -116.862206,32.443045,0 -116.862216,32.443037,0 -116.862226,32.443028,0 -116.862235,32.44302,0 -116.862245,32.443012,0 -116.862255,32.443004,0 -116.862275,32.442988,0 -116.862286,32.44298,0 -116.862316,32.442956,0 -116.862327,32.442949,0 -116.862337,32.442941,0 -116.862348,32.442933,0 -116.862358,32.442926,0 -116.862369,32.442918,0 -116.862379,32.442911,0 -116.86239,32.442904,0 -116.862401,32.442896,0 -116.862412,32.442889,0 -116.862422,32.442882,0 -116.862433,32.442875,0 -116.862444,32.442867,0 -116.862455,32.44286,0 -116.862466,32.442853,0 -116.862478,32.442846,0 -116.862489,32.44284,0 -116.8625,32.442833,0 -116.862511,32.442826,0 -116.862523,32.442819,0 -116.862534,32.442813,0 -116.862545,32.442806,0 -116.862557,32.4428,0 -116.862568,32.442793,0 -116.86258,32.442787,0 -116.862592,32.442781,0 -116.862603,32.442774,0 -116.862651,32.44275,0 -116.862662,32.442744,0 -116.862674,32.442738,0 -116.862686,32.442732,0 -116.862698,32.442727,0 -116.86271,32.442721,0 -116.862723,32.442715,0 -116.862735,32.44271,0 -116.862747,32.442704,0 -116.862771,32.442694,0 -116.862784,32.442688,0 -116.862796,32.442683,0 -116.862808,32.442678,0 -116.862821,32.442673,0 -116.862833,32.442668,0 -116.862846,32.442663,0 -116.862858,32.442658,0 -116.862871,32.442653,0 -116.862884,32.442648,0 -116.862896,32.442644,0 -116.862909,32.442639,0 -116.862922,32.442635,0 -116.862934,32.44263,0 -116.862947,32.442626,0 -116.86296,32.442621,0 -116.862973,32.442617,0 -116.862986,32.442613,0 -116.862999,32.442609,0 -116.863012,32.442605,0 -116.863077,32.442585,0 -116.86309,32.442582,0 -116.863103,32.442578,0 -116.863116,32.442575,0 -116.863129,32.442571,0 -116.863143,32.442568,0 -116.863156,32.442565,0 -116.863169,32.442561,0 -116.863182,32.442558,0 -116.863196,32.442555,0 -116.863209,32.442552,0 -116.863223,32.442549,0 -116.863236,32.442546,0 -116.863249,32.442544,0 -116.863263,32.442541,0 -116.863276,32.442538,0 -116.86329,32.442536,0 -116.863303,32.442533,0 -116.863317,32.442531,0 -116.86333,32.442528,0 -116.863344,32.442526,0 -116.863357,32.442524,0 -116.863371,32.442522,0 -116.863384,32.44252,0 -116.863412,32.442516,0 -116.863425,32.442514,0 -116.863439,32.442512,0 -116.863453,32.44251,0 -116.863466,32.442509,0 -116.86348,32.442507,0 -116.863494,32.442506,0 -116.863507,32.442504,0 -116.863535,32.442502,0 -116.863548,32.442501,0 -116.863562,32.442499,0 -116.86359,32.442497,0 -116.863603,32.442497,0 -116.863631,32.442495,0 -116.863645,32.442494,0 -116.863659,32.442494,0 -116.863672,32.442493,0 -116.863686,32.442493,0 -116.8637,32.442492,0 -116.863755,32.442492,0 -116.863769,32.442492,0 -116.863783,32.442492,0 -116.86381,32.442492,0 -116.863824,32.442492,0 -116.863838,32.442493,0 -116.863852,32.442493,0 -116.863866,32.442494,0 -116.863879,32.442494,0 -116.863893,32.442495,0 -116.863907,32.442496,0 -116.863921,32.442496,0 -116.863934,32.442497,0 -116.863948,32.442498,0 -116.863976,32.4425,0 -116.863989,32.442502,0 -116.864017,32.442504,0 -116.864031,32.442506,0 -116.864044,32.442507,0 -116.864058,32.442509,0 -116.864072,32.44251,0 -116.864085,32.442512,0 -116.864113,32.442516,0 -116.864126,32.442517,0 -116.86414,32.442519,0 -116.864153,32.442521,0 -116.864167,32.442524,0 -116.86418,32.442526,0 -116.864194,32.442528,0 -116.864208,32.44253,0 -116.864221,32.442533,0 -116.864235,32.442535,0 -116.864261,32.442541,0 -116.864275,32.442543,0 -116.864288,32.442546,0 -116.864302,32.442549,0 -116.864315,32.442552,0 -116.864328,32.442555,0 -116.864342,32.442558,0 -116.864355,32.442561,0 -116.864368,32.442564,0 -116.864382,32.442567,0 -116.864395,32.442571,0 -116.864408,32.442574,0 -116.864421,32.442578,0 -116.864434,32.442581,0 -116.86446,32.442589,0 -116.864511,32.442603,0 -116.864561,32.442618,0 -116.864612,32.442632,0 -116.864662,32.442647,0 -116.864712,32.442661,0 -116.864763,32.442676,0 -116.864813,32.44269,0 -116.864863,32.442705,0 -116.864914,32.44272,0 -116.864964,32.442735,0 -116.865014,32.442749,0 -116.865064,32.442764,0 -116.865115,32.442779,0 -116.865165,32.442794,0 -116.865315,32.442839,0 -116.865365,32.442854,0 -116.865416,32.442869,0 -116.865466,32.442884,0 -116.865516,32.4429,0 -116.865566,32.442915,0 -116.865616,32.44293,0 -116.865666,32.442945,0 -116.865716,32.442961,0 -116.865816,32.442991,0 -116.865866,32.443007,0 -116.865916,32.443022,0 -116.865966,32.443038,0 -116.866016,32.443053,0 -116.866066,32.443069,0 -116.866116,32.443085,0 -116.866166,32.4431,0 -116.866216,32.443116,0 -116.866265,32.443132,0 -116.866315,32.443147,0 -116.866365,32.443163,0 -116.866465,32.443195,0 -116.866514,32.443211,0 -116.866564,32.443227,0 -116.866664,32.443259,0 -116.866713,32.443275,0 -116.866763,32.443291,0 -116.866813,32.443307,0 -116.866862,32.443323,0 -116.866912,32.44334,0 -116.866962,32.443356,0 -116.867011,32.443372,0 -116.867061,32.443388,0 -116.867111,32.443405,0 -116.86716,32.443421,0 -116.86721,32.443438,0 -116.867259,32.443454,0 -116.867309,32.443471,0 -116.867358,32.443487,0 -116.867408,32.443504,0 -116.867457,32.44352,0 -116.867507,32.443537,0 -116.867556,32.443554,0 -116.867605,32.44357,0 -116.867655,32.443587,0 -116.867753,32.443621,0 -116.867803,32.443638,0 -116.867852,32.443655,0 -116.867901,32.443672,0 -116.867951,32.443689,0 -116.868098,32.44374,0 -116.868148,32.443757,0 -116.868197,32.443774,0 -116.868246,32.443791,0 -116.868295,32.443809,0 -116.868344,32.443826,0 -116.868393,32.443843,0 -116.868443,32.443861,0 -116.868541,32.443895,0 -116.86859,32.443913,0 -116.868639,32.44393,0 -116.868688,32.443948,0 -116.868737,32.443965,0 -116.868835,32.444001,0 -116.868884,32.444018,0 -116.868982,32.444054,0 -116.86903,32.444072,0 -116.869079,32.44409,0 -116.869128,32.444107,0 -116.869275,32.444161,0 -116.869323,32.444179,0 -116.869372,32.444197,0 -116.869421,32.444215,0 -116.86947,32.444234,0 -116.869518,32.444252,0 -116.869567,32.44427,0 -116.869616,32.444288,0 -116.869664,32.444306,0 -116.869713,32.444325,0 -116.869762,32.444343,0 -116.86981,32.444361,0 -116.869859,32.44438,0 -116.869907,32.444398,0 -116.869956,32.444417,0 -116.870004,32.444435,0 -116.870053,32.444454,0 -116.870101,32.444472,0 -116.87015,32.444491,0 -116.870198,32.44451,0 -116.870247,32.444528,0 -116.870295,32.444547,0 -116.870343,32.444566,0 -116.870392,32.444585,0 -116.87044,32.444604,0 -116.870488,32.444622,0 -116.870537,32.444641,0 -116.870585,32.44466,0 -116.870681,32.444698,0 -116.87073,32.444717,0 -116.870778,32.444736,0 -116.870826,32.444756,0 -116.87097,32.444813,0 -116.871019,32.444832,0 -116.871067,32.444852,0 -116.871115,32.444871,0 -116.871163,32.444891,0 -116.871211,32.44491,0 -116.871259,32.444929,0 -116.871307,32.444949,0 -116.871355,32.444968,0 -116.871403,32.444988,0 -116.871451,32.445008,0 -116.871499,32.445027,0 -116.871546,32.445047,0 -116.871594,32.445067,0 -116.871642,32.445086,0 -116.87169,32.445106,0 -116.871738,32.445126,0 -116.871785,32.445146,0 -116.871833,32.445166,0 -116.871881,32.445186,0 -116.871929,32.445205,0 -116.871976,32.445225,0 -116.872024,32.445245,0 -116.872072,32.445266,0 -116.872119,32.445286,0 -116.872215,32.445326,0 -116.872262,32.445346,0 -116.87231,32.445366,0 -116.872357,32.445387,0 -116.872405,32.445407,0 -116.872452,32.445427,0 -116.8725,32.445448,0 -116.872547,32.445468,0 -116.872595,32.445489,0 -116.872642,32.445509,0 -116.872689,32.44553,0 -116.872737,32.44555,0 -116.872784,32.445571,0 -116.872831,32.445591,0 -116.872879,32.445612,0 -116.872926,32.445633,0 -116.872973,32.445653,0 -116.87302,32.445674,0 -116.873068,32.445695,0 -116.873256,32.445779,0 -116.873273,32.445786,0 -116.87329,32.445793,0 -116.873307,32.445801,0 -116.873324,32.445808,0 -116.873341,32.445816,0 -116.873358,32.445823,0 -116.873392,32.445837,0 -116.873409,32.445845,0 -116.873562,32.445908,0 -116.87358,32.445915,0 -116.873614,32.445929,0 -116.873631,32.445935,0 -116.873648,32.445942,0 -116.873666,32.445949,0 -116.873683,32.445955,0 -116.8737,32.445962,0 -116.873718,32.445969,0 -116.873735,32.445975,0 -116.873752,32.445982,0 -116.87377,32.445988,0 -116.873787,32.445995,0 -116.873805,32.446001,0 -116.873822,32.446008,0 -116.87384,32.446014,0 -116.873857,32.44602,0 -116.873874,32.446027,0 -116.87391,32.446039,0 -116.873927,32.446045,0 -116.873945,32.446052,0 -116.873962,32.446058,0 -116.87398,32.446064,0 -116.873997,32.44607,0 -116.874015,32.446076,0 -116.874033,32.446082,0 -116.87405,32.446088,0 -116.874086,32.4461,0 -116.874103,32.446106,0 -116.874121,32.446111,0 -116.874139,32.446117,0 -116.874157,32.446123,0 -116.874174,32.446129,0 -116.874192,32.446134,0 -116.874228,32.446146,0 -116.874246,32.446151,0 -116.874263,32.446157,0 -116.874281,32.446162,0 -116.874299,32.446168,0 -116.874317,32.446173,0 -116.874335,32.446179,0 -116.874353,32.446184,0 -116.874371,32.44619,0 -116.874389,32.446195,0 -116.874425,32.446205,0 -116.874443,32.446211,0 -116.874461,32.446216,0 -116.874479,32.446221,0 -116.874497,32.446226,0 -116.874515,32.446231,0 -116.874641,32.446266,0 -116.874659,32.44627,0 -116.874678,32.446275,0 -116.874696,32.44628,0 -116.874714,32.446285,0 -116.874732,32.446289,0 -116.87475,32.446294,0 -116.874769,32.446298,0 -116.874787,32.446303,0 -116.874805,32.446308,0 -116.874823,32.446312,0 -116.874842,32.446316,0 -116.87486,32.446321,0 -116.874878,32.446325,0 -116.874896,32.44633,0 -116.874915,32.446334,0 -116.874933,32.446338,0 -116.874951,32.446342,0 -116.87497,32.446347,0 -116.874988,32.446351,0 -116.875007,32.446355,0 -116.875025,32.446359,0 -116.875043,32.446363,0 -116.875062,32.446367,0 -116.87508,32.446371,0 -116.875099,32.446375,0 -116.875117,32.446379,0 -116.875135,32.446383,0 -116.875154,32.446387,0 -116.875172,32.44639,0 -116.875191,32.446394,0 -116.875209,32.446398,0 -116.875228,32.446402,0 -116.875246,32.446405,0 -116.875265,32.446409,0 -116.875283,32.446412,0 -116.875302,32.446416,0 -116.87532,32.44642,0 -116.875358,32.446426,0 -116.875376,32.44643,0 -116.875395,32.446433,0 -116.875413,32.446437,0 -116.875432,32.44644,0 -116.875451,32.446443,0 -116.875469,32.446446,0 -116.875488,32.44645,0 -116.875506,32.446453,0 -116.875544,32.446459,0 -116.875562,32.446462,0 -116.8756,32.446468,0 -116.875618,32.446471,0 -116.875637,32.446474,0 -116.875656,32.446477,0 -116.875675,32.44648,0 -116.875693,32.446482,0 -116.875712,32.446485,0 -116.875731,32.446488,0 -116.875749,32.446491,0 -116.875768,32.446493,0 -116.875787,32.446496,0 -116.875806,32.446498,0 -116.875825,32.446501,0 -116.875843,32.446503,0 -116.875862,32.446506,0 -116.875881,32.446508,0 -116.8759,32.446511,0 -116.875918,32.446513,0 -116.875937,32.446515,0 -116.875956,32.446518,0 -116.875975,32.44652,0 -116.875994,32.446522,0 -116.876013,32.446524,0 -116.876031,32.446527,0 -116.87605,32.446529,0 -116.876069,32.446531,0 -116.876088,32.446533,0 -116.876145,32.446539,0 -116.876163,32.446541,0 -116.876182,32.446542,0 -116.876201,32.446544,0 -116.876239,32.446548,0 -116.876258,32.446549,0 -116.876277,32.446551,0 -116.876296,32.446553,0 -116.876315,32.446554,0 -116.876333,32.446556,0 -116.876352,32.446557,0 -116.876371,32.446559,0 -116.87639,32.44656,0 -116.876409,32.446562,0 -116.876428,32.446563,0 -116.876447,32.446565,0 -116.876504,32.446568,0 -116.876523,32.44657,0 -116.876547,32.446571,0 -116.876571,32.446573,0 -116.876595,32.446574,0 -116.876619,32.446575,0 -116.876643,32.446577,0 -116.876691,32.446579,0 -116.876715,32.446581,0 -116.876739,32.446582,0 -116.876787,32.446584,0 -116.876811,32.446586,0 -116.876835,32.446587,0 -116.876859,32.446588,0 -116.876907,32.44659,0 -116.876931,32.446591,0 -116.876979,32.446593,0 -116.877004,32.446594,0 -116.877028,32.446595,0 -116.877148,32.4466,0 -116.877172,32.446601,0 -116.877196,32.446602,0 -116.87722,32.446602,0 -116.877292,32.446605,0 -116.877316,32.446605,0 -116.87734,32.446606,0 -116.877364,32.446607,0 -116.877388,32.446607,0 -116.877413,32.446608,0 -116.877437,32.446608,0 -116.877461,32.446609,0 -116.877485,32.446609,0 -116.877509,32.44661,0 -116.877533,32.44661,0 -116.877557,32.446611,0 -116.877581,32.446611,0 -116.877605,32.446611,0 -116.877629,32.446612,0 -116.877677,32.446612,0 -116.877701,32.446613,0 -116.877726,32.446613,0 -116.87775,32.446613,0 -116.877774,32.446613,0 -116.877798,32.446614,0 -116.877822,32.446614,0 -116.877846,32.446614,0 -116.877966,32.446614,0 -116.878063,32.446614,0 -116.878111,32.446614,0 -116.878135,32.446613,0 -116.878159,32.446613,0 -116.878207,32.446613,0 -116.878231,32.446613,0 -116.878255,32.446612,0 -116.878303,32.446612,0 -116.878327,32.446611,0 -116.878352,32.446611,0 -116.878376,32.44661,0 -116.8784,32.44661,0 -116.878424,32.446609,0 -116.878448,32.446609,0 -116.878472,32.446608,0 -116.878496,32.446608,0 -116.87852,32.446607,0 -116.878544,32.446607,0 -116.878568,32.446606,0 -116.878592,32.446605,0 -116.878616,32.446605,0 -116.87864,32.446604,0 -116.878664,32.446603,0 -116.878689,32.446603,0 -116.878713,32.446602,0 -116.878785,32.446599,0 -116.878809,32.446599,0 -116.879025,32.44659,0 -116.879049,32.446588,0 -116.879073,32.446587,0 -116.879097,32.446586,0 -116.879121,32.446585,0 -116.879145,32.446584,0 -116.879169,32.446582,0 -116.879194,32.446581,0 -116.879242,32.446579,0 -116.879266,32.446577,0 -116.87929,32.446576,0 -116.879314,32.446574,0 -116.879338,32.446573,0 -116.879362,32.446572,0 -116.879386,32.44657,0 -116.87941,32.446569,0 -116.879434,32.446567,0 -116.879458,32.446565,0 -116.879482,32.446564,0 -116.879506,32.446562,0 -116.87953,32.446561,0 -116.879554,32.446559,0 -116.879578,32.446557,0 -116.879602,32.446556,0 -116.879626,32.446554,0 -116.87965,32.446552,0 -116.879674,32.44655,0 -116.879698,32.446549,0 -116.879722,32.446547,0 -116.87977,32.446543,0 -116.879794,32.446541,0 -116.879866,32.446535,0 -116.879889,32.446533,0 -116.880081,32.446517,0 -116.880105,32.446514,0 -116.880153,32.44651,0 -116.880177,32.446507,0 -116.880201,32.446505,0 -116.880225,32.446503,0 -116.880249,32.4465,0 -116.880272,32.446498,0 -116.880296,32.446496,0 -116.88032,32.446493,0 -116.880344,32.446491,0 -116.880368,32.446488,0 -116.880392,32.446486,0 -116.880416,32.446483,0 -116.88044,32.446481,0 -116.880488,32.446475,0 -116.880511,32.446473,0 -116.880559,32.446467,0 -116.880583,32.446465,0 -116.880655,32.446456,0 -116.880678,32.446454,0 -116.880702,32.446451,0 -116.88075,32.446445,0 -116.880798,32.446439,0 -116.880821,32.446436,0 -116.880845,32.446433,0 -116.880849,32.446433,0 -116.880853,32.446432,0 -116.880857,32.446432,0 -116.880861,32.446431,0 -116.880866,32.446431,0 -116.88087,32.44643,0 -116.880874,32.446429,0 -116.880878,32.446429,0 -116.880882,32.446428,0 -116.880886,32.446428,0 -116.88089,32.446427,0 -116.880894,32.446427,0 -116.880898,32.446426,0 -116.880902,32.446426,0 -116.880906,32.446425,0 -116.88091,32.446425,0 -116.880914,32.446424,0 -116.880918,32.446424,0 -116.880922,32.446423,0 -116.880926,32.446423,0 -116.880931,32.446422,0 -116.880935,32.446421,0 -116.880939,32.446421,0 -116.880943,32.44642,0 -116.880947,32.44642,0 -116.880951,32.446419,0 -116.880955,32.446419,0 -116.880959,32.446418,0 -116.880963,32.446418,0 -116.880971,32.446416,0 -116.880975,32.446416,0 -116.880979,32.446415,0 -116.880983,32.446415,0 -116.880987,32.446414,0 -116.880991,32.446414,0 -116.880995,32.446413,0 -116.880999,32.446413,0 -116.881004,32.446412,0 -116.881008,32.446411,0 -116.881012,32.446411,0 -116.881016,32.44641,0 -116.88102,32.44641,0 -116.881024,32.446409,0 -116.881028,32.446409,0 -116.881032,32.446408,0 -116.881036,32.446407,0 -116.88104,32.446407,0 -116.881044,32.446406,0 -116.881048,32.446406,0 -116.881056,32.446404,0 -116.88106,32.446404,0 -116.881064,32.446403,0 -116.881068,32.446403,0 -116.881072,32.446402,0 -116.881076,32.446401,0 -116.88108,32.446401,0 -116.881085,32.4464,0 -116.881089,32.4464,0 -116.881093,32.446399,0 -116.881097,32.446398,0 -116.881101,32.446398,0 -116.881105,32.446397,0 -116.881109,32.446397,0 -116.881117,32.446395,0 -116.881121,32.446395,0 -116.881125,32.446394,0 -116.881129,32.446394,0 -116.881137,32.446392,0 -116.881141,32.446392,0 -116.881149,32.44639,0 -116.881153,32.44639,0 -116.881157,32.446389,0 -116.881161,32.446389,0 -116.881165,32.446388,0 -116.881169,32.446387,0 -116.881173,32.446387,0 -116.881177,32.446386,0 -116.881182,32.446385,0 -116.881186,32.446385,0 -116.88119,32.446384,0 -116.881194,32.446383,0 -116.881198,32.446383,0 -116.881202,32.446382,0 -116.881206,32.446382,0 -116.881214,32.44638,0 -116.881218,32.44638,0 -116.881226,32.446378,0 -116.88123,32.446378,0 -116.881234,32.446377,0 -116.881238,32.446376,0 -116.881242,32.446376,0 -116.88125,32.446374,0 -116.881254,32.446374,0 -116.881262,32.446372,0 -116.881266,32.446372,0 -116.881274,32.44637,0 -116.881278,32.44637,0 -116.881282,32.446369,0 -116.881286,32.446368,0 -116.88129,32.446368,0 -116.881294,32.446367,0 -116.881299,32.446366,0 -116.881303,32.446366,0 -116.881307,32.446365,0 -116.881311,32.446364,0 -116.881315,32.446364,0 -116.881319,32.446363,0 -116.881327,32.446361,0 -116.881331,32.446361,0 -116.881335,32.44636,0 -116.881339,32.446359,0 -116.881343,32.446359,0 -116.881351,32.446357,0 -116.881355,32.446357,0 -116.881359,32.446356,0 -116.881367,32.446354,0 -116.881371,32.446354,0 -116.881375,32.446353,0 -116.881379,32.446352,0 -116.881383,32.446352,0 -116.881387,32.446351,0 -116.881391,32.44635,0 -116.881395,32.44635,0 -116.881399,32.446349,0 -116.881403,32.446348,0 -116.881407,32.446347,0 -116.881411,32.446347,0 -116.881423,32.446344,0 -116.881427,32.446344,0 -116.881431,32.446343,0 -116.881435,32.446342,0 -116.881439,32.446342,0 -116.881451,32.446339,0 -116.881455,32.446339,0 -116.881459,32.446338,0 -116.881467,32.446336,0 -116.881471,32.446336,0 -116.881475,32.446335,0 -116.881483,32.446333,0 -116.881487,32.446333,0 -116.881492,32.446332,0 -116.881496,32.446331,0 -116.8815,32.44633,0 -116.881504,32.44633,0 -116.881508,32.446329,0 -116.881512,32.446328,0 -116.881516,32.446327,0 -116.88152,32.446327,0 -116.881524,32.446326,0 -116.881532,32.446324,0 -116.881536,32.446324,0 -116.881544,32.446322,0 -116.881548,32.446321,0 -116.881552,32.44632,0 -116.881556,32.44632,0 -116.88156,32.446319,0 -116.881568,32.446317,0 -116.881572,32.446317,0 -116.881579,32.446315,0 -116.881586,32.446314,0 -116.881594,32.446312,0 -116.881601,32.446311,0 -116.881609,32.44631,0 -116.881616,32.446309,0 -116.881623,32.446307,0 -116.881631,32.446306,0 -116.881638,32.446305,0 -116.881646,32.446304,0 -116.881653,32.446303,0 -116.881661,32.446302,0 -116.881668,32.446301,0 -116.881676,32.4463,0 -116.881683,32.446299,0 -116.881691,32.446298,0 -116.881698,32.446297,0 -116.881706,32.446296,0 -116.881713,32.446295,0 -116.881721,32.446294,0 -116.881728,32.446294,0 -116.881736,32.446293,0 -116.881743,32.446292,0 -116.881751,32.446292,0 -116.881758,32.446291,0 -116.881766,32.44629,0 -116.881773,32.44629,0 -116.881781,32.446289,0 -116.881788,32.446289,0 -116.881796,32.446288,0 -116.881811,32.446288,0 -116.881818,32.446287,0 -116.881834,32.446287,0 -116.881841,32.446286,0 -116.881849,32.446286,0 -116.881856,32.446286,0 -116.881864,32.446286,0 -116.881871,32.446286,0 -116.881894,32.446286,0 -116.881917,32.446286,0 -116.881947,32.446286,0 -116.881954,32.446287,0 -116.88197,32.446287,0 -116.881977,32.446288,0 -116.881985,32.446288,0 -116.881992,32.446288,0 -116.882,32.446289,0 -116.882007,32.446289,0 -116.882015,32.44629,0 -116.882022,32.44629,0 -116.88203,32.446291,0 -116.882037,32.446292,0 -116.882045,32.446292,0 -116.882052,32.446293,0 -116.88206,32.446294,0 -116.882067,32.446294,0 -116.882075,32.446295,0 -116.882082,32.446296,0 -116.88209,32.446297,0 -116.882097,32.446298,0 -116.882105,32.446299,0 -116.882112,32.4463,0 -116.88212,32.446301,0 -116.882127,32.446302,0 -116.882135,32.446303,0 -116.882142,32.446304,0 -116.88215,32.446305,0 -116.882157,32.446306,0 -116.882165,32.446307,0 -116.882172,32.446309,0 -116.882179,32.44631,0 -116.882187,32.446311,0 -116.882194,32.446312,0 -116.882202,32.446314,0 -116.882209,32.446315,0 -116.882216,32.446317,0 -116.882224,32.446318,0 -116.882231,32.44632,0 -116.882238,32.446321,0 -116.882246,32.446323,0 -116.882253,32.446324,0 -116.88226,32.446326,0 -116.882268,32.446327,0 -116.882275,32.446329,0 -116.882282,32.446331,0 -116.88229,32.446333,0 -116.882297,32.446334,0 -116.882311,32.446338,0 -116.882318,32.44634,0 -116.882326,32.446342,0 -116.882347,32.446348,0 -116.882354,32.44635,0 -116.882362,32.446352,0 -116.882369,32.446354,0 -116.882376,32.446356,0 -116.882383,32.446358,0 -116.88239,32.446361,0 -116.882411,32.446367,0 -116.882418,32.44637,0 -116.882432,32.446374,0 -116.882439,32.446377,0 -116.882446,32.446379,0 -116.882453,32.446382,0 -116.88246,32.446384,0 -116.882467,32.446387,0 -116.882474,32.446389,0 -116.882488,32.446395,0 -116.882495,32.446397,0 -116.882502,32.4464,0 -116.882509,32.446403,0 -116.882515,32.446405,0 -116.882522,32.446408,0 -116.882543,32.446417,0 -116.882549,32.44642,0 -116.882563,32.446426,0 -116.882569,32.446429,0 -116.882576,32.446432,0 -116.882583,32.446435,0 -116.882589,32.446438,0 -116.882596,32.446441,0 -116.882602,32.446444,0 -116.882616,32.44645,0 -116.882622,32.446454,0 -116.882629,32.446457,0 -116.882635,32.44646,0 -116.882642,32.446464,0 -116.882648,32.446467,0 -116.882654,32.44647,0 -116.882661,32.446474,0 -116.882667,32.446477,0 -116.882674,32.446481,0 -116.88268,32.446484,0 -116.882686,32.446488,0 -116.882693,32.446491,0 -116.882699,32.446495,0 -116.882705,32.446498,0 -116.882711,32.446502,0 -116.882717,32.446506,0 -116.882724,32.446509,0 -116.882742,32.446521,0 -116.882748,32.446524,0 -116.882754,32.446528,0 -116.88276,32.446532,0 -116.882802,32.44656,0 -116.882814,32.446568,0 -116.882819,32.446572,0 -116.882825,32.446576,0 -116.882831,32.44658,0 -116.882837,32.446585,0 -116.882842,32.446589,0 -116.882853,32.446597,0 -116.882863,32.446604,0 -116.882873,32.446612,0 -116.882883,32.44662,0 -116.882894,32.446628,0 -116.882904,32.446635,0 -116.882934,32.446659,0 -116.882945,32.446667,0 -116.882955,32.446675,0 -116.882965,32.446682,0 -116.882975,32.44669,0 -116.882995,32.446706,0 -116.883025,32.44673,0 -116.883065,32.446762,0 -116.883075,32.44677,0 -116.883085,32.446778,0 -116.883094,32.446787,0 -116.883124,32.446811,0 -116.883134,32.446819,0 -116.883144,32.446827,0 -116.883153,32.446836,0 -116.883173,32.446852,0 -116.883182,32.44686,0 -116.883192,32.446869,0 -116.883202,32.446877,0 -116.883211,32.446885,0 -116.883221,32.446894,0 -116.883231,32.446902,0 -116.88324,32.44691,0 -116.88325,32.446919,0 -116.883259,32.446927,0 -116.883269,32.446935,0 -116.883278,32.446944,0 -116.883288,32.446952,0 -116.883297,32.446961,0 -116.883307,32.446969,0 -116.883316,32.446978,0 -116.883325,32.446986,0 -116.883335,32.446995,0 -116.883344,32.447003,0 -116.883354,32.447012,0 -116.883363,32.44702,0 -116.883381,32.447038,0 -116.883391,32.447046,0 -116.8834,32.447055,0 -116.883409,32.447063,0 -116.883418,32.447072,0 -116.883427,32.447081,0 -116.883437,32.44709,0 -116.883446,32.447098,0 -116.883455,32.447107,0 -116.883464,32.447116,0 -116.883473,32.447124,0 -116.883482,32.447133,0 -116.883509,32.44716,0 -116.883518,32.447168,0 -116.883527,32.447177,0 -116.883536,32.447186,0 -116.883563,32.447213,0 -116.883571,32.447222,0 -116.883607,32.447258,0 -116.883615,32.447267,0 -116.883624,32.447276,0 -116.883633,32.447285,0 -116.883641,32.447294,0 -116.88365,32.447303,0 -116.883659,32.447312,0 -116.883667,32.447321,0 -116.883685,32.447339,0 -116.883693,32.447348,0 -116.883702,32.447357,0 -116.88371,32.447366,0 -116.883719,32.447376,0 -116.883727,32.447385,0 -116.883735,32.447394,0 -116.883744,32.447403,0 -116.883752,32.447412,0 -116.883761,32.447422,0 -116.883769,32.447431,0 -116.883777,32.44744,0 -116.883786,32.447449,0 -116.883794,32.447459,0 -116.883802,32.447468,0 -116.88381,32.447477,0 -116.883819,32.447487,0 -116.883827,32.447496,0 -116.883835,32.447505,0 -116.883843,32.447515,0 -116.883851,32.447524,0 -116.883859,32.447534,0 -116.883868,32.447543,0 -116.883876,32.447553,0 -116.883892,32.447571,0 -116.8839,32.447581,0 -116.883908,32.44759,0 -116.883916,32.4476,0 -116.883924,32.447609,0 -116.883931,32.447619,0 -116.883939,32.447628,0 -116.883955,32.447648,0 -116.883963,32.447657,0 -116.883971,32.447667,0 -116.883978,32.447676,0 -116.883986,32.447686,0 -116.883994,32.447696,0 -116.884002,32.447705,0 -116.884009,32.447715,0 -116.884017,32.447725,0 -116.884025,32.447734,0 -116.884032,32.447744,0 -116.88404,32.447754,0 -116.884047,32.447763,0 -116.884055,32.447773,0 -116.884062,32.447783,0 -116.88407,32.447793,0 -116.884077,32.447802,0 -116.884085,32.447812,0 -116.884092,32.447822,0 -116.8841,32.447832,0 -116.884107,32.447842,0 -116.884115,32.447852,0 -116.884122,32.447861,0 -116.884136,32.447881,0 -116.884144,32.447891,0 -116.884151,32.447901,0 -116.884158,32.447911,0 -116.884165,32.447921,0 -116.884173,32.447931,0 -116.884194,32.447961,0 -116.884201,32.447971,0 -116.884208,32.447981,0 -116.884215,32.447991,0 -116.884229,32.448011,0 -116.884236,32.448021,0 -116.884243,32.448031,0 -116.884257,32.448051,0 -116.884264,32.448061,0 -116.884271,32.448071,0 -116.884277,32.448081,0 -116.884284,32.448091,0 -116.884291,32.448101,0 -116.884298,32.448112,0 -116.884305,32.448122,0 -116.884311,32.448132,0 -116.884318,32.448142,0 -116.884325,32.448152,0 -116.884331,32.448163,0 -116.884338,32.448173,0 -116.884344,32.448183,0 -116.884351,32.448193,0 -116.884358,32.448203,0 -116.884364,32.448214,0 -116.884371,32.448224,0 -116.887169,32.452018,0 -116.889701,32.455171,0 -116.889707,32.455177,0 -116.889712,32.455184,0 -116.889718,32.455191,0 -116.889723,32.455198,0 -116.889729,32.455204,0 -116.889734,32.455211,0 -116.88974,32.455218,0 -116.889745,32.455224,0 -116.889751,32.455231,0 -116.889757,32.455237,0 -116.889762,32.455244,0 -116.889768,32.45525,0 -116.889774,32.455257,0 -116.889779,32.455264,0 -116.889785,32.45527,0 -116.889791,32.455277,0 -116.889797,32.455283,0 -116.889802,32.455289,0 -116.889808,32.455296,0 -116.889814,32.455302,0 -116.88982,32.455309,0 -116.889826,32.455315,0 -116.889832,32.455322,0 -116.889838,32.455328,0 -116.889844,32.455334,0 -116.88985,32.455341,0 -116.889856,32.455347,0 -116.889862,32.455353,0 -116.889868,32.45536,0 -116.889874,32.455366,0 -116.88988,32.455372,0 -116.889886,32.455378,0 -116.889892,32.455385,0 -116.889899,32.455391,0 -116.889911,32.455403,0 -116.889917,32.45541,0 -116.889923,32.455416,0 -116.88993,32.455422,0 -116.889936,32.455428,0 -116.889942,32.455434,0 -116.889949,32.45544,0 -116.889955,32.455446,0 -116.889962,32.455452,0 -116.889968,32.455458,0 -116.889974,32.455464,0 -116.889981,32.45547,0 -116.889987,32.455476,0 -116.889994,32.455482,0 -116.89,32.455488,0 -116.890007,32.455494,0 -116.890013,32.4555,0 -116.89002,32.455506,0 -116.890027,32.455512,0 -116.890033,32.455518,0 -116.890047,32.45553,0 -116.890053,32.455535,0 -116.890074,32.455553,0 -116.89008,32.455559,0 -116.890087,32.455564,0 -116.890094,32.45557,0 -116.890101,32.455576,0 -116.890108,32.455581,0 -116.890115,32.455587,0 -116.890121,32.455593,0 -116.890128,32.455598,0 -116.890135,32.455604,0 -116.890142,32.45561,0 -116.890149,32.455615,0 -116.890156,32.455621,0 -116.890163,32.455626,0 -116.89017,32.455632,0 -116.890177,32.455637,0 -116.890184,32.455643,0 -116.890192,32.455648,0 -116.890199,32.455654,0 -116.890206,32.455659,0 -116.890213,32.455665,0 -116.89022,32.45567,0 -116.890227,32.455675,0 -116.890235,32.455681,0 -116.890242,32.455686,0 -116.890249,32.455691,0 -116.890256,32.455697,0 -116.890264,32.455702,0 -116.890271,32.455707,0 -116.890278,32.455713,0 -116.890286,32.455718,0 -116.8903,32.455728,0 -116.890308,32.455733,0 -116.890315,32.455738,0 -116.890323,32.455744,0 -116.89033,32.455749,0 -116.890338,32.455754,0 -116.890345,32.455759,0 -116.890353,32.455764,0 -116.89036,32.455769,0 -116.890368,32.455774,0 -116.890375,32.455779,0 -116.890383,32.455784,0 -116.89039,32.455789,0 -116.890406,32.455799,0 -116.890413,32.455804,0 -116.890421,32.455809,0 -116.890429,32.455813,0 -116.890436,32.455818,0 -116.890452,32.455828,0 -116.89046,32.455833,0 -116.890467,32.455838,0 -116.890475,32.455842,0 -116.890483,32.455847,0 -116.890491,32.455852,0 -116.890499,32.455856,0 -116.890506,32.455861,0 -116.890514,32.455866,0 -116.890522,32.45587,0 -116.89053,32.455875,0 -116.890538,32.455879,0 -116.890546,32.455884,0 -116.890554,32.455889,0 -116.890562,32.455893,0 -116.89057,32.455898,0 -116.890578,32.455902,0 -116.890586,32.455907,0 -116.890594,32.455911,0 -116.890602,32.455915,0 -116.89061,32.45592,0 -116.890618,32.455924,0 -116.890626,32.455929,0 -116.890634,32.455933,0 -116.890643,32.455937,0 -116.890651,32.455941,0 -116.890659,32.455946,0 -116.890675,32.455954,0 -116.890684,32.455958,0 -116.890692,32.455963,0 -116.890708,32.455971,0 -116.890717,32.455975,0 -116.890733,32.455983,0 -116.890741,32.455987,0 -116.89075,32.455991,0 -116.890766,32.455999,0 -116.890775,32.456003,0 -116.890783,32.456007,0 -116.890792,32.456011,0 -116.8908,32.456015,0 -116.890808,32.456019,0 -116.890817,32.456023,0 -116.890825,32.456027,0 -116.890834,32.456031,0 -116.890842,32.456034,0 -116.890851,32.456038,0 -116.890859,32.456042,0 -116.890868,32.456046,0 -116.890876,32.456049,0 -116.890885,32.456053,0 -116.890893,32.456057,0 -116.890902,32.45606,0 -116.890911,32.456064,0 -116.890919,32.456068,0 -116.890928,32.456071,0 -116.890936,32.456075,0 -116.890945,32.456078,0 -116.890954,32.456082,0 -116.890962,32.456085,0 -116.890971,32.456089,0 -116.89098,32.456092,0 -116.890989,32.456096,0 -116.890997,32.456099,0 -116.891006,32.456102,0 -116.891018,32.456107,0 -116.891029,32.456111,0 -116.891041,32.456116,0 -116.891053,32.45612,0 -116.891064,32.456125,0 -116.891076,32.45613,0 -116.891088,32.456134,0 -116.891099,32.456139,0 -116.891111,32.456143,0 -116.891123,32.456148,0 -116.891134,32.456152,0 -116.891158,32.456162,0 -116.891169,32.456166,0 -116.891181,32.456171,0 -116.891193,32.456176,0 -116.891204,32.45618,0 -116.891216,32.456185,0 -116.891228,32.456189,0 -116.891239,32.456194,0 -116.891251,32.456199,0 -116.891263,32.456203,0 -116.891274,32.456208,0 -116.891286,32.456213,0 -116.891297,32.456217,0 -116.891309,32.456222,0 -116.891321,32.456227,0 -116.891332,32.456232,0 -116.891344,32.456236,0 -116.891355,32.456241,0 -116.891367,32.456246,0 -116.891378,32.45625,0 -116.89139,32.456255,0 -116.891402,32.45626,0 -116.891413,32.456265,0 -116.891425,32.456269,0 -116.891436,32.456274,0 -116.891448,32.456279,0 -116.891459,32.456284,0 -116.891471,32.456289,0 -116.891483,32.456293,0 -116.891494,32.456298,0 -116.891506,32.456303,0 -116.891517,32.456308,0 -116.891529,32.456313,0 -116.89154,32.456317,0 -116.891552,32.456322,0 -116.891563,32.456327,0 -116.891575,32.456332,0 -116.891586,32.456337,0 -116.891598,32.456342,0 -116.891609,32.456347,0 -116.891621,32.456352,0 -116.891632,32.456356,0 -116.891644,32.456361,0 -116.891655,32.456366,0 -116.891667,32.456371,0 -116.891678,32.456376,0 -116.89169,32.456381,0 -116.891701,32.456386,0 -116.891713,32.456391,0 -116.891724,32.456396,0 -116.891736,32.456401,0 -116.891758,32.456411,0 -116.89177,32.456416,0 -116.891781,32.456421,0 -116.891793,32.456426,0 -116.891804,32.456431,0 -116.891816,32.456436,0 -116.891827,32.456441,0 -116.891838,32.456446,0 -116.89185,32.456451,0 -116.891861,32.456456,0 -116.891873,32.456461,0 -116.891884,32.456466,0 -116.891895,32.456471,0 -116.891907,32.456476,0 -116.891918,32.456481,0 -116.89193,32.456486,0 -116.891941,32.456491,0 -116.891952,32.456496,0 -116.891964,32.456501,0 -116.891975,32.456506,0 -116.891986,32.456511,0 -116.891998,32.456517,0 -116.892009,32.456522,0 -116.892021,32.456527,0 -116.892032,32.456532,0 -116.892043,32.456537,0 -116.892055,32.456542,0 -116.892066,32.456547,0 -116.892077,32.456553,0 -116.892089,32.456558,0 -116.8921,32.456563,0 -116.892111,32.456568,0 -116.892122,32.456573,0 -116.892134,32.456578,0 -116.892145,32.456584,0 -116.892156,32.456589,0 -116.892168,32.456594,0 -116.89219,32.456604,0 -116.892202,32.45661,0 -116.892213,32.456615,0 -116.892235,32.456625,0 -116.892247,32.456631,0 -116.892269,32.456641,0 -116.89228,32.456647,0 -116.892292,32.456652,0 -116.892314,32.456662,0 -116.892325,32.456668,0 -116.892337,32.456673,0 -116.892348,32.456678,0 -116.892359,32.456684,0 -116.892381,32.456694,0 -116.892393,32.4567,0 -116.892415,32.45671,0 -116.892426,32.456716,0 -116.892437,32.456721,0 -116.892449,32.456727,0 -116.89246,32.456732,0 -116.892471,32.456737,0 -116.892482,32.456743,0 -116.892493,32.456748,0 -116.892504,32.456754,0 -116.892516,32.456759,0 -116.892527,32.456764,0 -116.892538,32.45677,0 -116.892549,32.456775,0 -116.89256,32.456781,0 -116.892571,32.456786,0 -116.892582,32.456792,0 -116.892594,32.456797,0 -116.892605,32.456803,0 -116.892616,32.456808,0 -116.892627,32.456814,0 -116.892638,32.456819,0 -116.892649,32.456825,0 -116.89266,32.45683,0 -116.892671,32.456836,0 -116.892682,32.456841,0 -116.892693,32.456847,0 -116.892705,32.456852,0 -116.892716,32.456858,0 -116.892727,32.456863,0 -116.892738,32.456869,0 -116.892749,32.456874,0 -116.89276,32.45688,0 -116.892771,32.456886,0 -116.892782,32.456891,0 -116.892793,32.456897,0 -116.892804,32.456902,0 -116.892815,32.456908,0 -116.892826,32.456914,0 -116.892837,32.456919,0 -116.892848,32.456925,0 -116.892859,32.45693,0 -116.89287,32.456936,0 -116.892881,32.456942,0 -116.892892,32.456947,0 -116.892903,32.456953,0 -116.892914,32.456959,0 -116.892925,32.456964,0 -116.892947,32.456976,0 -116.892958,32.456981,0 -116.89298,32.456993,0 -116.892991,32.456999,0 -116.893002,32.457004,0 -116.893013,32.45701,0 -116.893024,32.457016,0 -116.893035,32.457021,0 -116.893046,32.457027,0 -116.893056,32.457033,0 -116.893067,32.457038,0 -116.893089,32.45705,0 -116.8931,32.457055,0 -116.893111,32.45706,0 -116.893122,32.457066,0 -116.893144,32.457076,0 -116.893155,32.457082,0 -116.893166,32.457087,0 -116.893178,32.457092,0 -116.893211,32.457107,0 -116.893223,32.457112,0 -116.893234,32.457117,0 -116.893245,32.457122,0 -116.893257,32.457126,0 -116.893268,32.457131,0 -116.89328,32.457136,0 -116.893291,32.45714,0 -116.893303,32.457145,0 -116.893314,32.457149,0 -116.893326,32.457154,0 -116.893338,32.457158,0 -116.893349,32.457163,0 -116.893373,32.457171,0 -116.893384,32.457176,0 -116.893396,32.45718,0 -116.893408,32.457184,0 -116.89342,32.457188,0 -116.893431,32.457192,0 -116.893455,32.4572,0 -116.893467,32.457203,0 -116.893479,32.457207,0 -116.893491,32.457211,0 -116.893503,32.457215,0 -116.893515,32.457218,0 -116.893527,32.457222,0 -116.893539,32.457225,0 -116.893551,32.457229,0 -116.893563,32.457232,0 -116.893575,32.457236,0 -116.893611,32.457245,0 -116.893623,32.457249,0 -116.893636,32.457252,0 -116.893672,32.457261,0 -116.893685,32.457264,0 -116.893697,32.457266,0 -116.893709,32.457269,0 -116.893721,32.457272,0 -116.893734,32.457274,0 -116.893746,32.457277,0 -116.893758,32.45728,0 -116.893771,32.457282,0 -116.893783,32.457285,0 -116.893796,32.457287,0 -116.893808,32.457289,0 -116.893821,32.457292,0 -116.893845,32.457296,0 -116.893858,32.457298,0 -116.89387,32.4573,0 -116.893883,32.457302,0 -116.893895,32.457304,0 -116.893908,32.457306,0 -116.89392,32.457308,0 -116.893933,32.457309,0 -116.893946,32.457311,0 -116.893958,32.457313,0 -116.893971,32.457314,0 -116.893983,32.457316,0 -116.893996,32.457318,0 -116.894009,32.457319,0 -116.894021,32.45732,0 -116.894034,32.457322,0 -116.894046,32.457323,0 -116.894072,32.457325,0 -116.894084,32.457326,0 -116.894097,32.457327,0 -116.89411,32.457328,0 -116.894122,32.457329,0 -116.894135,32.45733,0 -116.894148,32.457331,0 -116.89416,32.457332,0 -116.894173,32.457333,0 -116.894186,32.457333,0 -116.894198,32.457334,0 -116.894211,32.457334,0 -116.894224,32.457335,0 -116.894237,32.457335,0 -116.894249,32.457336,0 -116.894262,32.457336,0 -116.8943,32.457336,0 -116.894313,32.457337,0 -116.894326,32.457337,0 -116.894338,32.457337,0 -116.894351,32.457337,0 -116.894364,32.457336,0 -116.894376,32.457336,0 -116.894402,32.457336,0 -116.894415,32.457335,0 -116.894427,32.457335,0 -116.89444,32.457334,0 -116.894453,32.457334,0 -116.894465,32.457333,0 -116.894478,32.457333,0 -116.894504,32.457331,0 -116.894516,32.45733,0 -116.894529,32.457329,0 -116.894542,32.457329,0 -116.894554,32.457328,0 -116.894567,32.457326,0 -116.89458,32.457325,0 -116.894592,32.457324,0 -116.894605,32.457323,0 -116.894617,32.457322,0 -116.89463,32.45732,0 -116.894643,32.457319,0 -116.894655,32.457318,0 -116.894668,32.457316,0 -116.89468,32.457315,0 -116.894693,32.457313,0 -116.894706,32.457311,0 -116.894718,32.45731,0 -116.894731,32.457308,0 -116.894743,32.457306,0 -116.894756,32.457304,0 -116.894768,32.457302,0 -116.894781,32.4573,0 -116.894793,32.457298,0 -116.894806,32.457296,0 -116.894818,32.457294,0 -116.894831,32.457292,0 -116.894843,32.457289,0 -116.894856,32.457287,0 -116.894868,32.457285,0 -116.89488,32.457282,0 -116.894893,32.45728,0 -116.894905,32.457277,0 -116.894917,32.457275,0 -116.89493,32.457272,0 -116.894942,32.457269,0 -116.894954,32.457267,0 -116.894967,32.457264,0 -116.895003,32.457255,0 -116.895016,32.457252,0 -116.895028,32.457249,0 -116.89504,32.457246,0 -116.895052,32.457242,0 -116.895088,32.457233,0 -116.8951,32.457229,0 -116.895113,32.457226,0 -116.895125,32.457222,0 -116.895137,32.457219,0 -116.895149,32.457215,0 -116.89516,32.457211,0 -116.895172,32.457208,0 -116.895208,32.457196,0 -116.89522,32.457192,0 -116.895244,32.457184,0 -116.895266,32.457176,0 -116.895277,32.457173,0 -116.895299,32.457165,0 -116.89531,32.457161,0 -116.895332,32.457153,0 -116.895365,32.457141,0 -116.895375,32.457137,0 -116.895386,32.457133,0 -116.895397,32.457129,0 -116.895408,32.457125,0 -116.895419,32.457121,0 -116.89543,32.457117,0 -116.895441,32.457113,0 -116.895463,32.457105,0 -116.895496,32.457093,0 -116.895506,32.457089,0 -116.895517,32.457085,0 -116.895528,32.45708,0 -116.895572,32.457064,0 -116.895582,32.457059,0 -116.895615,32.457047,0 -116.895626,32.457042,0 -116.895637,32.457038,0 -116.895647,32.457034,0 -116.895658,32.45703,0 -116.895669,32.457025,0 -116.89568,32.457021,0 -116.89569,32.457017,0 -116.895701,32.457012,0 -116.895712,32.457008,0 -116.895723,32.457003,0 -116.895733,32.456999,0 -116.895744,32.456995,0 -116.895755,32.45699,0 -116.895765,32.456986,0 -116.895776,32.456981,0 -116.895787,32.456977,0 -116.895798,32.456972,0 -116.895808,32.456968,0 -116.895819,32.456963,0 -116.89583,32.456959,0 -116.89584,32.456954,0 -116.895851,32.45695,0 -116.895862,32.456945,0 -116.895872,32.456941,0 -116.895883,32.456936,0 -116.895893,32.456931,0 -116.895904,32.456927,0 -116.895915,32.456922,0 -116.895925,32.456918,0 -116.895936,32.456913,0 -116.895946,32.456908,0 -116.895957,32.456904,0 -116.895968,32.456899,0 -116.895978,32.456894,0 -116.895989,32.45689,0 -116.895999,32.456885,0 -116.89601,32.45688,0 -116.89602,32.456875,0 -116.896031,32.456871,0 -116.896041,32.456866,0 -116.896052,32.456861,0 -116.896062,32.456856,0 -116.896073,32.456851,0 -116.896083,32.456847,0 -116.896094,32.456842,0 -116.896104,32.456837,0 -116.896115,32.456832,0 -116.896135,32.456822,0 -116.896146,32.456817,0 -116.896156,32.456813,0 -116.896167,32.456808,0 -116.896187,32.456798,0 -116.896198,32.456793,0 -116.896208,32.456788,0 -116.896219,32.456783,0 -116.896239,32.456773,0 -116.89625,32.456768,0 -116.89626,32.456763,0 -116.89627,32.456758,0 -116.896281,32.456753,0 -116.896291,32.456748,0 -116.896301,32.456742,0 -116.896312,32.456737,0 -116.896342,32.456722,0 -116.896353,32.456717,0 -116.896373,32.456707,0 -116.896383,32.456701,0 -116.896394,32.456696,0 -116.896414,32.456686,0 -116.896424,32.456681,0 -116.896434,32.456675,0 -116.896445,32.45667,0 -116.896455,32.456665,0 -116.896465,32.456659,0 -116.896495,32.456644,0 -116.896505,32.456638,0 -116.896516,32.456633,0 -116.896526,32.456628,0 -116.896536,32.456622,0 -116.896546,32.456617,0 -116.896556,32.456611,0 -116.896566,32.456606,0 -116.896576,32.456601,0 -116.896586,32.456595,0 -116.896596,32.45659,0 -116.896606,32.456584,0 -116.896616,32.456579,0 -116.896626,32.456573,0 -116.896636,32.456568,0 -116.896646,32.456562,0 -116.896656,32.456557,0 -116.896666,32.456551,0 -116.896676,32.456546,0 -116.896686,32.45654,0 -116.896696,32.456535,0 -116.896706,32.456529,0 -116.896716,32.456523,0 -116.896726,32.456518,0 -116.896736,32.456512,0 -116.896746,32.456507,0 -116.896756,32.456501,0 -116.896766,32.456495,0 -116.896775,32.45649,0 -116.896785,32.456484,0 -116.896795,32.456478,0 -116.896805,32.456473,0 -116.896815,32.456467,0 -116.896825,32.456461,0 -116.896835,32.456456,0 -116.896844,32.45645,0 -116.896854,32.456444,0 -116.896864,32.456438,0 -116.896874,32.456433,0 -116.896883,32.456427,0 -116.896913,32.456409,0 -116.896922,32.456403,0 -116.896932,32.456398,0 -116.896942,32.456392,0 -116.896952,32.456386,0 -116.896961,32.45638,0 -116.896971,32.456374,0 -116.896981,32.456368,0 -116.89699,32.456362,0 -116.89701,32.45635,0 -116.897019,32.456344,0 -116.897029,32.456339,0 -116.897038,32.456333,0 -116.897058,32.456321,0 -116.897067,32.456315,0 -116.897077,32.456309,0 -116.897086,32.456303,0 -116.897096,32.456296,0 -116.897106,32.45629,0 -116.897117,32.456283,0 -116.897129,32.456276,0 -116.897141,32.456268,0 -116.897153,32.456261,0 -116.897164,32.456253,0 -116.897176,32.456246,0 -116.897188,32.456238,0 -116.8972,32.456231,0 -116.897211,32.456223,0 -116.897223,32.456216,0 -116.897235,32.456208,0 -116.897259,32.456194,0 -116.89727,32.456186,0 -116.897282,32.456179,0 -116.897294,32.456171,0 -116.897306,32.456164,0 -116.897317,32.456156,0 -116.897329,32.456149,0 -116.897341,32.456142,0 -116.897353,32.456134,0 -116.897365,32.456127,0 -116.897376,32.456119,0 -116.897388,32.456112,0 -116.8974,32.456104,0 -116.897412,32.456097,0 -116.897424,32.45609,0 -116.897435,32.456082,0 -116.897447,32.456075,0 -116.897459,32.456067,0 -116.897471,32.45606,0 -116.897483,32.456053,0 -116.897495,32.456045,0 -116.897506,32.456038,0 -116.897518,32.45603,0 -116.89753,32.456023,0 -116.897542,32.456016,0 -116.897554,32.456008,0 -116.897565,32.456001,0 -116.897577,32.455993,0 -116.897589,32.455986,0 -116.897601,32.455979,0 -116.897613,32.455971,0 -116.897625,32.455964,0 -116.897636,32.455957,0 -116.897648,32.455949,0 -116.89766,32.455942,0 -116.897672,32.455934,0 -116.897684,32.455927,0 -116.897696,32.45592,0 -116.897708,32.455912,0 -116.897719,32.455905,0 -116.897731,32.455898,0 -116.897743,32.45589,0 -116.897755,32.455883,0 -116.897767,32.455876,0 -116.897779,32.455868,0 -116.897791,32.455861,0 -116.897802,32.455854,0 -116.897814,32.455846,0 -116.897826,32.455839,0 -116.897838,32.455832,0 -116.89785,32.455824,0 -116.897862,32.455817,0 -116.897874,32.45581,0 -116.897886,32.455802,0 -116.897897,32.455795,0 -116.897909,32.455788,0 -116.897921,32.45578,0 -116.897933,32.455773,0 -116.897945,32.455766,0 -116.897957,32.455758,0 -116.897981,32.455744,0 -116.897993,32.455736,0 -116.898004,32.455729,0 -116.898016,32.455722,0 -116.898028,32.455714,0 -116.898052,32.4557,0 -116.898064,32.455693,0 -116.898076,32.455685,0 -116.898088,32.455678,0 -116.8981,32.455671,0 -116.898112,32.455663,0 -116.898123,32.455656,0 -116.898135,32.455649,0 -116.898147,32.455641,0 -116.898171,32.455627,0 -116.898183,32.45562,0 -116.898195,32.455612,0 -116.898207,32.455605,0 -116.898219,32.455598,0 -116.898231,32.455591,0 -116.898243,32.455583,0 -116.898255,32.455576,0 -116.898267,32.455569,0 -116.898279,32.455562,0 -116.89829,32.455554,0 -116.898302,32.455547,0 -116.898314,32.45554,0 -116.898326,32.455533,0 -116.898338,32.455525,0 -116.898374,32.455504,0 -116.898386,32.455496,0 -116.898398,32.455489,0 -116.89841,32.455482,0 -116.898422,32.455475,0 -116.898434,32.455467,0 -116.89847,32.455446,0 -116.898482,32.455438,0 -116.898494,32.455431,0 -116.89853,32.45541,0 -116.898542,32.455402,0 -116.898578,32.455381,0 -116.89859,32.455374,0 -116.898602,32.455366,0 -116.898626,32.455352,0 -116.898637,32.455345,0 -116.898649,32.455338,0 -116.898661,32.45533,0 -116.898673,32.455323,0 -116.898685,32.455316,0 -116.898697,32.455309,0 -116.898709,32.455302,0 -116.898721,32.455294,0 -116.898733,32.455287,0 -116.898746,32.45528,0 -116.898758,32.455273,0 -116.89877,32.455266,0 -116.898782,32.455259,0 -116.898794,32.455251,0 -116.898818,32.455237,0 -116.89883,32.45523,0 -116.898842,32.455223,0 -116.898866,32.455209,0 -116.898878,32.455201,0 -116.898914,32.45518,0 -116.89895,32.455159,0 -116.898962,32.455151,0 -116.899034,32.455109,0 -116.899046,32.455101,0 -116.899058,32.455094,0 -116.89907,32.455087,0 -116.899082,32.45508,0 -116.899095,32.455073,0 -116.899119,32.455059,0 -116.899143,32.455045,0 -116.899155,32.455038,0 -116.899167,32.45503,0 -116.899179,32.455023,0 -116.899239,32.454988,0 -116.899251,32.454981,0 -116.899266,32.454972,0 -116.89928,32.454964,0 -116.899294,32.454956,0 -116.899308,32.454948,0 -116.899323,32.45494,0 -116.899337,32.454931,0 -116.899352,32.454923,0 -116.899366,32.454915,0 -116.89938,32.454907,0 -116.899395,32.454899,0 -116.899409,32.454891,0 -116.899424,32.454883,0 -116.899438,32.454876,0 -116.899453,32.454868,0 -116.899468,32.45486,0 -116.899482,32.454852,0 -116.899497,32.454844,0 -116.899512,32.454837,0 -116.899526,32.454829,0 -116.899541,32.454821,0 -116.899556,32.454814,0 -116.899571,32.454806,0 -116.899585,32.454799,0 -116.8996,32.454791,0 -116.899615,32.454784,0 -116.89963,32.454776,0 -116.899645,32.454769,0 -116.89966,32.454762,0 -116.899675,32.454754,0 -116.89969,32.454747,0 -116.899705,32.45474,0 -116.89972,32.454733,0 -116.899735,32.454726,0 -116.89975,32.454718,0 -116.89981,32.45469,0 -116.899826,32.454683,0 -116.899841,32.454676,0 -116.899856,32.45467,0 -116.899871,32.454663,0 -116.899887,32.454656,0 -116.899902,32.454649,0 -116.899917,32.454643,0 -116.899933,32.454636,0 -116.899948,32.454629,0 -116.899964,32.454623,0 -116.899979,32.454616,0 -116.899994,32.45461,0 -116.90001,32.454603,0 -116.900025,32.454597,0 -116.900041,32.45459,0 -116.900056,32.454584,0 -116.900072,32.454578,0 -116.900088,32.454571,0 -116.900103,32.454565,0 -116.900119,32.454559,0 -116.900134,32.454553,0 -116.90015,32.454547,0 -116.900166,32.45454,0 -116.900182,32.454534,0 -116.900197,32.454528,0 -116.900229,32.454516,0 -116.900245,32.454511,0 -116.90026,32.454505,0 -116.900292,32.454493,0 -116.900308,32.454487,0 -116.900324,32.454482,0 -116.90034,32.454476,0 -116.900356,32.45447,0 -116.900372,32.454465,0 -116.900388,32.454459,0 -116.900404,32.454454,0 -116.90042,32.454448,0 -116.900436,32.454443,0 -116.900452,32.454437,0 -116.900468,32.454432,0 -116.900484,32.454427,0 -116.9005,32.454421,0 -116.900516,32.454416,0 -116.900532,32.454411,0 -116.900548,32.454406,0 -116.900565,32.454401,0 -116.900581,32.454396,0 -116.900629,32.454381,0 -116.900646,32.454376,0 -116.900678,32.454366,0 -116.900695,32.454361,0 -116.900711,32.454356,0 -116.900727,32.454352,0 -116.900744,32.454347,0 -116.90076,32.454342,0 -116.900776,32.454338,0 -116.900793,32.454333,0 -116.900809,32.454329,0 -116.900826,32.454324,0 -116.900842,32.45432,0 -116.900858,32.454315,0 -116.900875,32.454311,0 -116.900891,32.454307,0 -116.900908,32.454302,0 -116.900924,32.454298,0 -116.900941,32.454294,0 -116.900958,32.45429,0 -116.900974,32.454286,0 -116.900991,32.454282,0 -116.901007,32.454278,0 -116.901041,32.45427,0 -116.901057,32.454266,0 -116.901074,32.454262,0 -116.90109,32.454258,0 -116.901107,32.454254,0 -116.901124,32.454251,0 -116.901141,32.454247,0 -116.901157,32.454243,0 -116.901174,32.45424,0 -116.901191,32.454236,0 -116.901207,32.454232,0 -116.901224,32.454229,0 -116.901241,32.454225,0 -116.901258,32.454222,0 -116.901275,32.454219,0 -116.901291,32.454215,0 -116.901342,32.454206,0 -116.901359,32.454202,0 -116.901376,32.454199,0 -116.901392,32.454196,0 -116.901409,32.454193,0 -116.901426,32.45419,0 -116.90146,32.454184,0 -116.901477,32.454181,0 -116.901494,32.454179,0 -116.901511,32.454176,0 -116.901528,32.454173,0 -116.901545,32.45417,0 -116.901562,32.454168,0 -116.901596,32.454162,0 -116.901613,32.45416,0 -116.90163,32.454157,0 -116.901647,32.454155,0 -116.901664,32.454152,0 -116.901681,32.45415,0 -116.901698,32.454148,0 -116.901715,32.454145,0 -116.901732,32.454143,0 -116.901749,32.454141,0 -116.901766,32.454139,0 -116.901783,32.454137,0 -116.901834,32.454131,0 -116.901852,32.454129,0 -116.901937,32.454119,0 -116.901954,32.454118,0 -116.901971,32.454116,0 -116.901989,32.454114,0 -116.902006,32.454113,0 -116.902023,32.454111,0 -116.90204,32.45411,0 -116.902057,32.454108,0 -116.902074,32.454107,0 -116.902092,32.454106,0 -116.902109,32.454104,0 -116.902126,32.454103,0 -116.902143,32.454102,0 -116.90215,32.454101,0 -116.902157,32.454101,0 -116.902163,32.4541,0 -116.902177,32.4541,0 -116.902184,32.454099,0 -116.90219,32.454099,0 -116.902197,32.454098,0 -116.902211,32.454098,0 -116.902217,32.454097,0 -116.902224,32.454097,0 -116.902231,32.454097,0 -116.902238,32.454096,0 -116.902258,32.454096,0 -116.902265,32.454095,0 -116.902298,32.454095,0 -116.902305,32.454094,0 -116.902312,32.454094,0 -116.902319,32.454094,0 -116.902427,32.454094,0 -116.902434,32.454095,0 -116.902454,32.454095,0 -116.902467,32.454095,0 -116.902474,32.454096,0 -116.902481,32.454096,0 -116.902494,32.454096,0 -116.902501,32.454097,0 -116.902508,32.454097,0 -116.902515,32.454097,0 -116.902521,32.454098,0 -116.902528,32.454098,0 -116.902535,32.454098,0 -116.902542,32.454099,0 -116.902548,32.454099,0 -116.902555,32.4541,0 -116.902562,32.4541,0 -116.902568,32.4541,0 -116.902575,32.454101,0 -116.902582,32.454101,0 -116.902589,32.454102,0 -116.902595,32.454102,0 -116.902602,32.454103,0 -116.902609,32.454103,0 -116.902616,32.454104,0 -116.902622,32.454104,0 -116.902629,32.454105,0 -116.902636,32.454105,0 -116.902643,32.454106,0 -116.902649,32.454107,0 -116.902656,32.454107,0 -116.902663,32.454108,0 -116.902669,32.454109,0 -116.902676,32.454109,0 -116.902683,32.45411,0 -116.90269,32.454111,0 -116.902696,32.454111,0 -116.902703,32.454112,0 -116.90271,32.454113,0 -116.902716,32.454114,0 -116.902723,32.454114,0 -116.90273,32.454115,0 -116.902736,32.454116,0 -116.902743,32.454117,0 -116.90275,32.454117,0 -116.902756,32.454118,0 -116.902777,32.454121,0 -116.902783,32.454122,0 -116.90279,32.454123,0 -116.902797,32.454124,0 -116.902803,32.454125,0 -116.90281,32.454125,0 -116.902817,32.454126,0 -116.902823,32.454127,0 -116.90283,32.454128,0 -116.902836,32.454129,0 -116.90285,32.454131,0 -116.902856,32.454133,0 -116.902863,32.454134,0 -116.90287,32.454135,0 -116.902876,32.454136,0 -116.90289,32.454138,0 -116.902896,32.454139,0 -116.902903,32.45414,0 -116.902909,32.454141,0 -116.902916,32.454143,0 -116.902923,32.454144,0 -116.902929,32.454145,0 -116.902936,32.454146,0 -116.902942,32.454147,0 -116.902949,32.454149,0 -116.902956,32.45415,0 -116.902962,32.454151,0 -116.902969,32.454153,0 -116.902975,32.454154,0 -116.902982,32.454155,0 -116.902989,32.454156,0 -116.902995,32.454158,0 -116.903002,32.454159,0 -116.903008,32.454161,0 -116.903015,32.454162,0 -116.903021,32.454163,0 -116.903028,32.454165,0 -116.903034,32.454166,0 -116.903041,32.454168,0 -116.903048,32.454169,0 -116.903054,32.454171,0 -116.903061,32.454172,0 -116.903067,32.454174,0 -116.903074,32.454175,0 -116.90308,32.454177,0 -116.903087,32.454178,0 -116.903093,32.45418,0 -116.9031,32.454181,0 -116.903106,32.454183,0 -116.903113,32.454184,0 -116.903119,32.454186,0 -116.903126,32.454188,0 -116.903132,32.454189,0 -116.903139,32.454191,0 -116.903145,32.454193,0 -116.903151,32.454194,0 -116.903158,32.454196,0 -116.903164,32.454198,0 -116.903171,32.454199,0 -116.903177,32.454201,0 -116.903184,32.454203,0 -116.90319,32.454205,0 -116.903197,32.454207,0 -116.903203,32.454208,0 -116.903209,32.45421,0 -116.903216,32.454212,0 -116.903222,32.454214,0 -116.903229,32.454216,0 -116.903235,32.454218,0 -116.903241,32.454219,0 -116.903248,32.454221,0 -116.90326,32.454225,0 -116.903267,32.454227,0 -116.903279,32.454231,0 -116.903286,32.454233,0 -116.903292,32.454235,0 -116.903299,32.454237,0 -116.903305,32.454239,0 -116.903317,32.454243,0 -116.903324,32.454245,0 -116.903336,32.454249,0 -116.903349,32.454253,0 -116.903361,32.454257,0 -116.903373,32.454261,0 -116.903385,32.454265,0 -116.903397,32.45427,0 -116.90341,32.454274,0 -116.903422,32.454278,0 -116.903458,32.45429,0 -116.903471,32.454294,0 -116.903483,32.454298,0 -116.903507,32.454306,0 -116.903519,32.454311,0 -116.903532,32.454315,0 -116.903544,32.454319,0 -116.903556,32.454323,0 -116.90358,32.454331,0 -116.903592,32.454336,0 -116.903604,32.45434,0 -116.903617,32.454344,0 -116.903629,32.454348,0 -116.903641,32.454352,0 -116.903653,32.454357,0 -116.903665,32.454361,0 -116.903677,32.454365,0 -116.90369,32.454369,0 -116.903702,32.454373,0 -116.903714,32.454378,0 -116.903726,32.454382,0 -116.90375,32.45439,0 -116.903762,32.454395,0 -116.903774,32.454399,0 -116.903787,32.454403,0 -116.903799,32.454407,0 -116.903811,32.454412,0 -116.903823,32.454416,0 -116.903835,32.45442,0 -116.903847,32.454425,0 -116.903883,32.454437,0 -116.903895,32.454442,0 -116.903908,32.454446,0 -116.90392,32.45445,0 -116.903932,32.454455,0 -116.903944,32.454459,0 -116.903956,32.454463,0 -116.903968,32.454468,0 -116.90398,32.454472,0 -116.903992,32.454477,0 -116.904004,32.454481,0 -116.904016,32.454485,0 -116.904028,32.45449,0 -116.90404,32.454494,0 -116.904052,32.454498,0 -116.904064,32.454503,0 -116.904077,32.454507,0 -116.904089,32.454512,0 -116.904101,32.454516,0 -116.904113,32.45452,0 -116.904125,32.454525,0 -116.904137,32.454529,0 -116.904149,32.454534,0 -116.904161,32.454538,0 -116.904173,32.454543,0 -116.904185,32.454547,0 -116.904197,32.454552,0 -116.904209,32.454556,0 -116.904221,32.45456,0 -116.904233,32.454565,0 -116.904245,32.454569,0 -116.904257,32.454574,0 -116.904269,32.454578,0 -116.904281,32.454583,0 -116.904293,32.454587,0 -116.904305,32.454592,0 -116.904317,32.454596,0 -116.904329,32.454601,0 -116.904341,32.454605,0 -116.904353,32.45461,0 -116.904365,32.454615,0 -116.904377,32.454619,0 -116.904389,32.454624,0 -116.904401,32.454628,0 -116.904413,32.454633,0 -116.904425,32.454637,0 -116.904437,32.454642,0 -116.904449,32.454646,0 -116.904461,32.454651,0 -116.904472,32.454656,0 -116.904484,32.45466,0 -116.904496,32.454665,0 -116.904508,32.454669,0 -116.90452,32.454674,0 -116.904532,32.454679,0 -116.904544,32.454683,0 -116.904556,32.454688,0 -116.904568,32.454693,0 -116.90458,32.454697,0 -116.904592,32.454702,0 -116.904604,32.454707,0 -116.904616,32.454711,0 -116.904628,32.454716,0 -116.904639,32.454721,0 -116.904651,32.454725,0 -116.904663,32.45473,0 -116.904675,32.454735,0 -116.904687,32.454739,0 -116.904699,32.454744,0 -116.904711,32.454749,0 -116.904723,32.454753,0 -116.904735,32.454758,0 -116.904747,32.454763,0 -116.904758,32.454767,0 -116.90477,32.454772,0 -116.904782,32.454777,0 -116.904794,32.454782,0 -116.904806,32.454786,0 -116.904818,32.454791,0 -116.90483,32.454796,0 -116.904841,32.454801,0 -116.904853,32.454805,0 -116.904865,32.45481,0 -116.904877,32.454815,0 -116.904889,32.45482,0 -116.904901,32.454825,0 -116.904913,32.454829,0 -116.904924,32.454834,0 -116.904936,32.454839,0 -116.904948,32.454844,0 -116.90496,32.454849,0 -116.904972,32.454854,0 -116.904983,32.454858,0 -116.904995,32.454863,0 -116.905007,32.454868,0 -116.905019,32.454873,0 -116.905031,32.454878,0 -116.905042,32.454883,0 -116.905054,32.454887,0 -116.905066,32.454892,0 -116.905078,32.454897,0 -116.90509,32.454902,0 -116.905101,32.454907,0 -116.905113,32.454912,0 -116.905125,32.454917,0 -116.905137,32.454922,0 -116.905149,32.454927,0 -116.90516,32.454931,0 -116.905172,32.454936,0 -116.905184,32.454941,0 -116.905196,32.454946,0 -116.905207,32.454951,0 -116.905219,32.454956,0 -116.905231,32.454961,0 -116.905243,32.454966,0 -116.905254,32.454971,0 -116.905266,32.454976,0 -116.905278,32.454981,0 -116.90529,32.454986,0 -116.905301,32.454991,0 -116.905313,32.454996,0 -116.905325,32.455001,0 -116.905336,32.455006,0 -116.905348,32.455011,0 -116.90536,32.455016,0 -116.905372,32.455021,0 -116.905383,32.455026,0 -116.905395,32.455031,0 -116.905407,32.455036,0 -116.905418,32.455041,0 -116.90543,32.455046,0 -116.905442,32.455051,0 -116.905454,32.455056,0 -116.905465,32.455061,0 -116.905477,32.455066,0 -116.905489,32.455071,0 -116.905501,32.455077,0 -116.905513,32.455082,0 -116.905526,32.455088,0 -116.905538,32.455093,0 -116.905551,32.455099,0 -116.905563,32.455104,0 -116.905575,32.45511,0 -116.905588,32.455115,0 -116.9056,32.455121,0 -116.905612,32.455126,0 -116.905625,32.455132,0 -116.905637,32.455137,0 -116.905649,32.455143,0 -116.905662,32.455149,0 -116.905674,32.455154,0 -116.905686,32.45516,0 -116.905698,32.455166,0 -116.905711,32.455171,0 -116.905723,32.455177,0 -116.905735,32.455183,0 -116.905747,32.455188,0 -116.905759,32.455194,0 -116.905772,32.4552,0 -116.905784,32.455206,0 -116.905796,32.455212,0 -116.905808,32.455217,0 -116.90582,32.455223,0 -116.905832,32.455229,0 -116.905845,32.455235,0 -116.905857,32.455241,0 -116.905869,32.455247,0 -116.905881,32.455253,0 -116.905893,32.455259,0 -116.905905,32.455264,0 -116.905917,32.45527,0 -116.905929,32.455276,0 -116.905941,32.455282,0 -116.905953,32.455288,0 -116.905965,32.455294,0 -116.905977,32.455301,0 -116.905989,32.455307,0 -116.906001,32.455313,0 -116.906013,32.455319,0 -116.906025,32.455325,0 -116.906037,32.455331,0 -116.906049,32.455337,0 -116.906061,32.455343,0 -116.906073,32.45535,0 -116.906085,32.455356,0 -116.906097,32.455362,0 -116.906108,32.455368,0 -116.90612,32.455374,0 -116.906132,32.455381,0 -116.906144,32.455387,0 -116.906156,32.455393,0 -116.906168,32.4554,0 -116.906179,32.455406,0 -116.906191,32.455412,0 -116.906203,32.455419,0 -116.906215,32.455425,0 -116.906226,32.455431,0 -116.906238,32.455438,0 -116.90625,32.455444,0 -116.906262,32.455451,0 -116.906273,32.455457,0 -116.906285,32.455463,0 -116.906297,32.45547,0 -116.906308,32.455476,0 -116.90632,32.455483,0 -116.906332,32.455489,0 -116.906343,32.455496,0 -116.906355,32.455503,0 -116.906367,32.455509,0 -116.906378,32.455516,0 -116.90639,32.455522,0 -116.906401,32.455529,0 -116.906413,32.455536,0 -116.906424,32.455542,0 -116.906436,32.455549,0 -116.906448,32.455556,0 -116.906459,32.455562,0 -116.906471,32.455569,0 -116.906482,32.455576,0 -116.906494,32.455582,0 -116.906505,32.455589,0 -116.906516,32.455596,0 -116.906528,32.455603,0 -116.906539,32.45561,0 -116.906551,32.455616,0 -116.906562,32.455623,0 -116.906573,32.45563,0 -116.906585,32.455637,0 -116.906596,32.455644,0 -116.906608,32.455651,0 -116.906619,32.455658,0 -116.90663,32.455665,0 -116.906642,32.455672,0 -116.906653,32.455679,0 -116.906664,32.455685,0 -116.906675,32.455692,0 -116.906687,32.455699,0 -116.906698,32.455706,0 -116.906709,32.455714,0 -116.90672,32.455721,0 -116.906732,32.455728,0 -116.906743,32.455735,0 -116.906754,32.455742,0 -116.906765,32.455749,0 -116.906776,32.455756,0 -116.906787,32.455763,0 -116.906798,32.45577,0 -116.90681,32.455778,0 -116.906821,32.455785,0 -116.906832,32.455792,0 -116.906843,32.455799,0 -116.906854,32.455806,0 -116.906865,32.455814,0 -116.906876,32.455821,0 -116.906887,32.455828,0 -116.906898,32.455835,0 -116.906909,32.455843,0 -116.90692,32.45585,0 -116.906931,32.455857,0 -116.906942,32.455865,0 -116.906953,32.455872,0 -116.906964,32.455879,0 -116.906975,32.455887,0 -116.906985,32.455894,0 -116.906996,32.455902,0 -116.907007,32.455909,0 -116.907018,32.455917,0 -116.907029,32.455924,0 -116.90704,32.455932,0 -116.90705,32.455939,0 -116.907061,32.455947,0 -116.907072,32.455954,0 -116.907083,32.455962,0 -116.907094,32.455969,0 -116.907104,32.455977,0 -116.907115,32.455984,0 -116.907126,32.455992,0 -116.907136,32.456,0 -116.907147,32.456007,0 -116.907158,32.456015,0 -116.907168,32.456022,0 -116.907179,32.45603,0 -116.90719,32.456038,0 -116.9072,32.456045,0 -116.907211,32.456053,0 -116.907221,32.456061,0 -116.907232,32.456069,0 -116.907243,32.456076,0 -116.907253,32.456084,0 -116.907264,32.456092,0 -116.907274,32.4561,0 -116.907285,32.456108,0 -116.907295,32.456115,0 -116.907306,32.456123,0 -116.907316,32.456131,0 -116.907326,32.456139,0 -116.907337,32.456147,0 -116.907347,32.456155,0 -116.907358,32.456163,0 -116.907368,32.456171,0 -116.907378,32.456178,0 -116.907389,32.456186,0 -116.907399,32.456194,0 -116.907409,32.456202,0 -116.90742,32.45621,0 -116.90743,32.456218,0 -116.90744,32.456226,0 -116.90745,32.456234,0 -116.907461,32.456242,0 -116.907471,32.456251,0 -116.907481,32.456259,0 -116.907491,32.456267,0 -116.907502,32.456275,0 -116.907512,32.456283,0 -116.907522,32.456291,0 -116.907532,32.456299,0 -116.907544,32.456309,0 -116.907555,32.456318,0 -116.907567,32.456327,0 -116.907579,32.456337,0 -116.907591,32.456346,0 -116.907603,32.456356,0 -116.907615,32.456365,0 -116.907627,32.456374,0 -116.907638,32.456383,0 -116.90765,32.456393,0 -116.907662,32.456402,0 -116.907674,32.456411,0 -116.907686,32.45642,0 -116.907698,32.456429,0 -116.90771,32.456439,0 -116.907722,32.456448,0 -116.907735,32.456457,0 -116.907747,32.456466,0 -116.907759,32.456475,0 -116.907771,32.456484,0 -116.907783,32.456493,0 -116.907795,32.456502,0 -116.907807,32.456511,0 -116.90782,32.45652,0 -116.907832,32.456529,0 -116.907844,32.456538,0 -116.907857,32.456547,0 -116.907869,32.456556,0 -116.907881,32.456565,0 -116.907894,32.456574,0 -116.907906,32.456582,0 -116.907918,32.456591,0 -116.907931,32.4566,0 -116.907943,32.456609,0 -116.907956,32.456617,0 -116.907968,32.456626,0 -116.907981,32.456635,0 -116.907993,32.456644,0 -116.908006,32.456652,0 -116.908018,32.456661,0 -116.908031,32.45667,0 -116.908043,32.456678,0 -116.908056,32.456687,0 -116.908069,32.456695,0 -116.908081,32.456704,0 -116.908094,32.456712,0 -116.908107,32.456721,0 -116.90812,32.456729,0 -116.908132,32.456738,0 -116.908145,32.456746,0 -116.908158,32.456755,0 -116.908171,32.456763,0 -116.908183,32.456771,0 -116.908196,32.45678,0 -116.908209,32.456788,0 -116.908222,32.456796,0 -116.908235,32.456805,0 -116.908248,32.456813,0 -116.908261,32.456821,0 -116.908274,32.456829,0 -116.908287,32.456837,0 -116.9083,32.456846,0 -116.908313,32.456854,0 -116.908326,32.456862,0 -116.908339,32.45687,0 -116.908352,32.456878,0 -116.908365,32.456886,0 -116.908378,32.456894,0 -116.908391,32.456902,0 -116.908404,32.45691,0 -116.908417,32.456918,0 -116.908431,32.456926,0 -116.908444,32.456934,0 -116.908457,32.456942,0 -116.90847,32.45695,0 -116.908484,32.456958,0 -116.908497,32.456966,0 -116.90851,32.456973,0 -116.908523,32.456981,0 -116.908537,32.456989,0 -116.90855,32.456997,0 -116.908563,32.457004,0 -116.908577,32.457012,0 -116.90859,32.45702,0 -116.908604,32.457027,0 -116.908617,32.457035,0 -116.908631,32.457043,0 -116.908644,32.45705,0 -116.908657,32.457058,0 -116.908671,32.457065,0 -116.908685,32.457073,0 -116.908698,32.45708,0 -116.908712,32.457088,0 -116.908725,32.457095,0 -116.908739,32.457103,0 -116.908752,32.45711,0 -116.908766,32.457118,0 -116.90878,32.457125,0 -116.908793,32.457132,0 -116.908807,32.45714,0 -116.908821,32.457147,0 -116.908834,32.457154,0 -116.908848,32.457162,0 -116.908862,32.457169,0 -116.908876,32.457176,0 -116.908889,32.457183,0 -116.908903,32.45719,0 -116.908917,32.457197,0 -116.908931,32.457205,0 -116.908945,32.457212,0 -116.908959,32.457219,0 -116.908972,32.457226,0 -116.908986,32.457233,0 -116.909,32.45724,0 -116.909014,32.457247,0 -116.909028,32.457254,0 -116.909042,32.457261,0 -116.909056,32.457268,0 -116.90907,32.457274,0 -116.909084,32.457281,0 -116.909098,32.457288,0 -116.909112,32.457295,0 -116.909126,32.457302,0 -116.90914,32.457308,0 -116.909154,32.457315,0 -116.909168,32.457322,0 -116.909183,32.457329,0 -116.909197,32.457335,0 -116.909211,32.457342,0 -116.909225,32.457349,0 -116.909239,32.457355,0 -116.909253,32.457362,0 -116.909268,32.457368,0 -116.909282,32.457375,0 -116.909296,32.457381,0 -116.90931,32.457388,0 -116.909325,32.457394,0 -116.909339,32.457401,0 -116.909353,32.457407,0 -116.909368,32.457414,0 -116.909382,32.45742,0 -116.909396,32.457426,0 -116.909411,32.457433,0 -116.909425,32.457439,0 -116.909439,32.457445,0 -116.909454,32.457451,0 -116.909468,32.457458,0 -116.909483,32.457464,0 -116.909497,32.45747,0 -116.909511,32.457476,0 -116.909526,32.457482,0 -116.90954,32.457488,0 -116.909555,32.457494,0 -116.909569,32.4575,0 -116.909584,32.457506,0 -116.909599,32.457512,0 -116.909613,32.457518,0 -116.909628,32.457524,0 -116.909642,32.45753,0 -116.909657,32.457536,0 -116.909672,32.457542,0 -116.909686,32.457548,0 -116.909701,32.457554,0 -116.909715,32.45756,0 -116.90973,32.457565,0 -116.909745,32.457571,0 -116.90976,32.457577,0 -116.909774,32.457582,0 -116.909789,32.457588,0 -116.909804,32.457594,0 -116.909818,32.457599,0 -116.909833,32.457605,0 -116.909848,32.457611,0 -116.909863,32.457616,0 -116.909878,32.457622,0 -116.909892,32.457627,0 -116.909907,32.457633,0 -116.909922,32.457638,0 -116.909937,32.457644,0 -116.909952,32.457649,0 -116.909976,32.457658,0 -116.910001,32.457667,0 -116.910025,32.457676,0 -116.91005,32.457685,0 -116.910074,32.457694,0 -116.910098,32.457703,0 -116.910123,32.457712,0 -116.910147,32.457721,0 -116.910171,32.45773,0 -116.910196,32.457739,0 -116.91022,32.457749,0 -116.910244,32.457758,0 -116.910269,32.457767,0 -116.910293,32.457777,0 -116.910317,32.457786,0 -116.910341,32.457795,0 -116.910366,32.457805,0 -116.91039,32.457814,0 -116.910414,32.457824,0 -116.910438,32.457833,0 -116.910462,32.457843,0 -116.910486,32.457852,0 -116.91051,32.457862,0 -116.910535,32.457872,0 -116.910559,32.457881,0 -116.910583,32.457891,0 -116.910607,32.457901,0 -116.910631,32.45791,0 -116.910655,32.45792,0 -116.910679,32.45793,0 -116.910703,32.45794,0 -116.910727,32.45795,0 -116.91075,32.45796,0 -116.910774,32.45797,0 -116.910798,32.45798,0 -116.910822,32.45799,0 -116.910846,32.458,0 -116.91087,32.45801,0 -116.910894,32.45802,0 -116.910917,32.45803,0 -116.910941,32.45804,0 -116.910965,32.458051,0 -116.910989,32.458061,0 -116.911012,32.458071,0 -116.911036,32.458081,0 -116.91106,32.458092,0 -116.911083,32.458102,0 -116.911107,32.458113,0 -116.911131,32.458123,0 -116.911154,32.458134,0 -116.911178,32.458144,0 -116.911201,32.458155,0 -116.911225,32.458165,0 -116.911248,32.458176,0 -116.911272,32.458186,0 -116.911295,32.458197,0 -116.911319,32.458208,0 -116.911342,32.458218,0 -116.911366,32.458229,0 -116.911389,32.45824,0 -116.911413,32.458251,0 -116.911436,32.458262,0 -116.911459,32.458272,0 -116.911483,32.458283,0 -116.911506,32.458294,0 -116.911529,32.458305,0 -116.911552,32.458316,0 -116.911576,32.458327,0 -116.911599,32.458338,0 -116.911622,32.45835,0 -116.911645,32.458361,0 -116.911668,32.458372,0 -116.911692,32.458383,0 -116.911715,32.458394,0 -116.911738,32.458405,0 -116.911761,32.458417,0 -116.911784,32.458428,0 -116.911807,32.458439,0 -116.91183,32.458451,0 -116.911853,32.458462,0 -116.911876,32.458474,0 -116.911899,32.458485,0 -116.911922,32.458497,0 -116.911945,32.458508,0 -116.911968,32.45852,0 -116.91199,32.458531,0 -116.912013,32.458543,0 -116.912036,32.458554,0 -116.912059,32.458566,0 -116.912082,32.458578,0 -116.912104,32.45859,0 -116.912127,32.458601,0 -116.91215,32.458613,0 -116.912172,32.458625,0 -116.912195,32.458637,0 -116.912218,32.458649,0 -116.91224,32.458661,0 -116.912263,32.458673,0 -116.912286,32.458685,0 -116.912308,32.458697,0 -116.912331,32.458709,0 -116.912353,32.458721,0 -116.912376,32.458733,0 -116.912398,32.458745,0 -116.912421,32.458757,0 -116.912443,32.458769,0 -116.912465,32.458782,0 -116.912488,32.458794,0 -116.91251,32.458806,0 -116.912532,32.458818,0 -116.912555,32.458831,0 -116.912577,32.458843,0 -116.912599,32.458856,0 -116.912622,32.458868,0 -116.912644,32.45888,0 -116.912666,32.458893,0 -116.912688,32.458905,0 -116.91271,32.458918,0 -116.912732,32.458931,0 -116.912754,32.458943,0 -116.912777,32.458956,0 -116.912799,32.458968,0 -116.912821,32.458981,0 -116.912843,32.458994,0 -116.912865,32.459007,0 -116.912887,32.459019,0 -116.912908,32.459032,0 -116.91293,32.459045,0 -116.912952,32.459058,0 -116.912974,32.459071,0 -116.912996,32.459084,0 -116.913018,32.459097,0 -116.91304,32.45911,0 -116.913061,32.459123,0 -116.913083,32.459136,0 -116.913105,32.459149,0 -116.913126,32.459162,0 -116.913148,32.459175,0 -116.91317,32.459188,0 -116.913191,32.459201,0 -116.913213,32.459215,0 -116.913235,32.459228,0 -116.913256,32.459241,0 -116.913278,32.459254,0 -116.913299,32.459268,0 -116.913321,32.459281,0 -116.913342,32.459295,0 -116.913363,32.459308,0 -116.913385,32.459321,0 -116.913406,32.459335,0 -116.913428,32.459348,0 -116.913449,32.459362,0 -116.91347,32.459375,0 -116.913491,32.459389,0 -116.913513,32.459403,0 -116.913534,32.459416,0 -116.913555,32.45943,0 -116.913576,32.459444,0 -116.913597,32.459457,0 -116.913619,32.459471,0 -116.91364,32.459485,0 -116.913661,32.459499,0 -116.913682,32.459513,0 -116.913703,32.459527,0 -116.913724,32.45954,0 -116.913745,32.459554,0 -116.913766,32.459568,0 -116.913787,32.459582,0 -116.913807,32.459596,0 -116.913828,32.45961,0 -116.913849,32.459624,0 -116.91387,32.459639,0 -116.913891,32.459653,0 -116.913912,32.459667,0 -116.913932,32.459681,0 -116.913953,32.459695,0 -116.913974,32.459709,0 -116.913994,32.459724,0 -116.914015,32.459738,0 -116.914036,32.459752,0 -116.914047,32.459761,0 -116.914059,32.459769,0 -116.914071,32.459777,0 -116.914083,32.459785,0 -116.914095,32.459793,0 -116.914107,32.459801,0 -116.914119,32.45981,0 -116.914131,32.459818,0 -116.914143,32.459826,0 -116.914155,32.459834,0 -116.914167,32.459842,0 -116.914179,32.45985,0 -116.914191,32.459858,0 -116.914203,32.459866,0 -116.914215,32.459874,0 -116.914227,32.459882,0 -116.914239,32.45989,0 -116.914251,32.459898,0 -116.914263,32.459906,0 -116.914275,32.459914,0 -116.914288,32.459922,0 -116.9143,32.45993,0 -116.914312,32.459938,0 -116.914324,32.459946,0 -116.914336,32.459954,0 -116.914349,32.459962,0 -116.914361,32.459969,0 -116.914373,32.459977,0 -116.914385,32.459985,0 -116.914398,32.459993,0 -116.91441,32.460001,0 -116.914422,32.460008,0 -116.914435,32.460016,0 -116.914447,32.460024,0 -116.914459,32.460032,0 -116.914472,32.460039,0 -116.914484,32.460047,0 -116.914496,32.460055,0 -116.914509,32.460062,0 -116.914521,32.46007,0 -116.914534,32.460077,0 -116.914546,32.460085,0 -116.914558,32.460093,0 -116.914571,32.4601,0 -116.914583,32.460108,0 -116.914596,32.460115,0 -116.914608,32.460123,0 -116.914621,32.46013,0 -116.914633,32.460138,0 -116.914646,32.460145,0 -116.914659,32.460153,0 -116.914671,32.46016,0 -116.914684,32.460168,0 -116.914696,32.460175,0 -116.914709,32.460182,0 -116.914722,32.46019,0 -116.914734,32.460197,0 -116.914747,32.460204,0 -116.91476,32.460212,0 -116.914772,32.460219,0 -116.914785,32.460226,0 -116.914798,32.460234,0 -116.91481,32.460241,0 -116.914823,32.460248,0 -116.914836,32.460255,0 -116.914849,32.460263,0 -116.914861,32.46027,0 -116.914874,32.460277,0 -116.914887,32.460284,0 -116.9149,32.460291,0 -116.914913,32.460298,0 -116.914925,32.460306,0 -116.914938,32.460313,0 -116.914951,32.46032,0 -116.914964,32.460327,0 -116.914977,32.460334,0 -116.91499,32.460341,0 -116.915003,32.460348,0 -116.915016,32.460355,0 -116.915029,32.460362,0 -116.915042,32.460369,0 -116.915055,32.460376,0 -116.915068,32.460383,0 -116.915081,32.46039,0 -116.915094,32.460396,0 -116.915107,32.460403,0 -116.91512,32.46041,0 -116.915133,32.460417,0 -116.915146,32.460424,0 -116.915159,32.460431,0 -116.915172,32.460437,0 -116.915185,32.460444,0 -116.915198,32.460451,0 -116.915211,32.460458,0 -116.915224,32.460464,0 -116.915237,32.460471,0 -116.91525,32.460478,0 -116.915264,32.460485,0 -116.915277,32.460491,0 -116.91529,32.460498,0 -116.915303,32.460504,0 -116.915316,32.460511,0 -116.91533,32.460518,0 -116.915343,32.460524,0 -116.915356,32.460531,0 -116.915369,32.460537,0 -116.915383,32.460544,0 -116.915396,32.46055,0 -116.915409,32.460557,0 -116.915422,32.460563,0 -116.915436,32.46057,0 -116.915449,32.460576,0 -116.915462,32.460583,0 -116.915476,32.460589,0 -116.915489,32.460595,0 -116.915503,32.460602,0 -116.915516,32.460608,0 -116.915529,32.460614,0 -116.915543,32.460621,0 -116.915556,32.460627,0 -116.91557,32.460633,0 -116.915583,32.46064,0 -116.915596,32.460646,0 -116.91561,32.460652,0 -116.915623,32.460658,0 -116.915637,32.460664,0 -116.91565,32.460671,0 -116.915664,32.460677,0 -116.915677,32.460683,0 -116.915691,32.460689,0 -116.915704,32.460695,0 -116.915718,32.460701,0 -116.915732,32.460707,0 -116.915745,32.460713,0 -116.915759,32.460719,0 -116.915772,32.460725,0 -116.915786,32.460731,0 -116.9158,32.460737,0 -116.915813,32.460743,0 -116.915827,32.460749,0 -116.91584,32.460755,0 -116.915854,32.460761,0 -116.915868,32.460767,0 -116.915881,32.460773,0 -116.915895,32.460779,0 -116.915909,32.460785,0 -116.915923,32.460791,0 -116.915936,32.460796,0 -116.91595,32.460802,0 -116.915964,32.460808,0 -116.915977,32.460814,0 -116.915991,32.460819,0 -116.916005,32.460825,0 -116.916019,32.460831,0 -116.916033,32.460836,0 -116.916046,32.460842,0 -116.91606,32.460848,0 -116.916074,32.460853,0 -116.916088,32.460859,0 -116.916102,32.460865,0 -116.916116,32.46087,0 -116.916129,32.460876,0 -116.916143,32.460881,0 -116.916157,32.460887,0 -116.916171,32.460892,0 -116.916185,32.460898,0 -116.916199,32.460903,0 -116.916213,32.460909,0 -116.916227,32.460914,0 -116.916241,32.46092,0 -116.916255,32.460925,0 -116.916269,32.46093,0 -116.916283,32.460936,0 -116.916297,32.460941,0 -116.916311,32.460946,0 -116.916325,32.460952,0 -116.916339,32.460957,0 -116.916353,32.460962,0 -116.916367,32.460968,0 -116.916381,32.460973,0 -116.916394,32.460978,0 -116.916408,32.460983,0 -116.916421,32.460988,0 -116.916434,32.460993,0 -116.916448,32.460998,0 -116.916461,32.461003,0 -116.916475,32.461008,0 -116.916488,32.461013,0 -116.916502,32.461019,0 -116.916515,32.461024,0 -116.916528,32.461029,0 -116.916542,32.461034,0 -116.916555,32.461039,0 -116.916568,32.461045,0 -116.916582,32.46105,0 -116.916595,32.461055,0 -116.916608,32.46106,0 -116.916622,32.461066,0 -116.916635,32.461071,0 -116.916648,32.461076,0 -116.916662,32.461082,0 -116.916675,32.461087,0 -116.916688,32.461093,0 -116.916701,32.461098,0 -116.916715,32.461103,0 -116.916728,32.461109,0 -116.916741,32.461114,0 -116.916754,32.46112,0 -116.916768,32.461125,0 -116.916781,32.461131,0 -116.916794,32.461136,0 -116.916807,32.461142,0 -116.91682,32.461147,0 -116.916834,32.461153,0 -116.916847,32.461159,0 -116.91686,32.461164,0 -116.916873,32.46117,0 -116.916886,32.461175,0 -116.916899,32.461181,0 -116.916912,32.461187,0 -116.916926,32.461192,0 -116.916939,32.461198,0 -116.916952,32.461204,0 -116.916965,32.46121,0 -116.916978,32.461215,0 -116.916991,32.461221,0 -116.917004,32.461227,0 -116.917017,32.461233,0 -116.91703,32.461239,0 -116.917043,32.461244,0 -116.917056,32.46125,0 -116.917069,32.461256,0 -116.917082,32.461262,0 -116.917095,32.461268,0 -116.917108,32.461274,0 -116.917121,32.46128,0 -116.917134,32.461286,0 -116.917147,32.461292,0 -116.91716,32.461298,0 -116.917172,32.461304,0 -116.917185,32.46131,0 -116.917198,32.461316,0 -116.917211,32.461322,0 -116.917224,32.461328,0 -116.917237,32.461334,0 -116.91725,32.46134,0 -116.917263,32.461346,0 -116.917275,32.461352,0 -116.917288,32.461358,0 -116.917301,32.461365,0 -116.917314,32.461371,0 -116.917327,32.461377,0 -116.917339,32.461383,0 -116.917352,32.461389,0 -116.917365,32.461396,0 -116.917378,32.461402,0 -116.91739,32.461408,0 -116.917403,32.461414,0 -116.917416,32.461421,0 -116.917428,32.461427,0 -116.917441,32.461433,0 -116.917454,32.46144,0 -116.917466,32.461446,0 -116.917479,32.461453,0 -116.917492,32.461459,0 -116.917504,32.461465,0 -116.917517,32.461472,0 -116.917529,32.461478,0 -116.917542,32.461485,0 -116.917555,32.461491,0 -116.917567,32.461498,0 -116.91758,32.461504,0 -116.917592,32.461511,0 -116.917605,32.461517,0 -116.917617,32.461524,0 -116.91763,32.46153,0 -116.917642,32.461537,0 -116.917655,32.461544,0 -116.917667,32.46155,0 -116.91768,32.461557,0 -116.917692,32.461563,0 -116.917705,32.46157,0 -116.917717,32.461577,0 -116.91773,32.461583,0 -116.917742,32.46159,0 -116.917754,32.461597,0 -116.917767,32.461604,0 -116.917779,32.46161,0 -116.917791,32.461617,0 -116.917804,32.461624,0 -116.917816,32.461631,0 -116.917829,32.461638,0 -116.917841,32.461644,0 -116.917853,32.461651,0 -116.917865,32.461658,0 -116.917878,32.461665,0 -116.91789,32.461672,0 -116.917902,32.461679,0 -116.917914,32.461686,0 -116.917927,32.461693,0 -116.917939,32.4617,0 -116.917951,32.461707,0 -116.917963,32.461714,0 -116.917975,32.461721,0 -116.917988,32.461728,0 -116.918,32.461735,0 -116.918012,32.461742,0 -116.918024,32.461749,0 -116.918036,32.461756,0 -116.918048,32.461763,0 -116.91806,32.46177,0 -116.918072,32.461777,0 -116.918085,32.461784,0 -116.918097,32.461792,0 -116.918109,32.461799,0 -116.918121,32.461806,0 -116.918133,32.461813,0 -116.918145,32.46182,0 -116.918157,32.461828,0 -116.918169,32.461835,0 -116.918181,32.461842,0 -116.918193,32.461849,0 -116.918205,32.461857,0 -116.918216,32.461864,0 -116.918228,32.461871,0 -116.91824,32.461879,0 -116.918252,32.461886,0 -116.918264,32.461893,0 -116.918276,32.461901,0 -116.918288,32.461908,0 -116.9183,32.461916,0 -116.918311,32.461923,0 -116.918323,32.46193,0 -116.918335,32.461938,0 -116.918347,32.461945,0 -116.918359,32.461953,0 -116.91837,32.46196,0 -116.918382,32.461968,0 -116.918394,32.461975,0 -116.918406,32.461983,0 -116.918417,32.46199,0 -116.918429,32.461998,0 -116.918441,32.462006,0 -116.918452,32.462013,0 -116.918464,32.462021,0 -116.918476,32.462029,0 -116.918487,32.462036,0 -116.918499,32.462044,0 -116.918511,32.462052,0 -116.918522,32.462059,0 -116.918534,32.462067,0 -116.918545,32.462075,0 -116.918557,32.462082,0 -116.918568,32.46209,0 -116.91858,32.462098,0 -116.918591,32.462106,0 -116.918603,32.462113,0 -116.918614,32.462121,0 -116.918626,32.462129,0 -116.918637,32.462137,0 -116.918657,32.46215,0 -116.918676,32.462164,0 -116.918695,32.462177,0 -116.918715,32.46219,0 -116.918734,32.462204,0 -116.918753,32.462217,0 -116.918773,32.462231,0 -116.918792,32.462244,0 -116.918811,32.462258,0 -116.91883,32.462272,0 -116.91885,32.462285,0 -116.918869,32.462299,0 -116.918888,32.462313,0 -116.918907,32.462326,0 -116.918926,32.46234,0 -116.918945,32.462354,0 -116.918964,32.462368,0 -116.918983,32.462382,0 -116.919002,32.462395,0 -116.919021,32.462409,0 -116.919039,32.462423,0 -116.919058,32.462437,0 -116.919077,32.462451,0 -116.919096,32.462465,0 -116.919115,32.462479,0 -116.919133,32.462493,0 -116.919152,32.462507,0 -116.919171,32.462521,0 -116.919189,32.462536,0 -116.919208,32.46255,0 -116.919226,32.462564,0 -116.919245,32.462578,0 -116.919263,32.462593,0 -116.919282,32.462607,0 -116.9193,32.462621,0 -116.919319,32.462635,0 -116.919337,32.46265,0 -116.919355,32.462664,0 -116.919374,32.462679,0 -116.919392,32.462693,0 -116.91941,32.462708,0 -116.919428,32.462722,0 -116.919447,32.462737,0 -116.919465,32.462751,0 -116.919483,32.462766,0 -116.919501,32.462781,0 -116.919519,32.462795,0 -116.919537,32.46281,0 -116.919555,32.462825,0 -116.919573,32.462839,0 -116.919591,32.462854,0 -116.919609,32.462869,0 -116.919627,32.462884,0 -116.919645,32.462899,0 -116.919663,32.462913,0 -116.91968,32.462928,0 -116.919698,32.462943,0 -116.919716,32.462958,0 -116.919734,32.462973,0 -116.919751,32.462988,0 -116.919769,32.463003,0 -116.919786,32.463018,0 -116.919804,32.463033,0 -116.919821,32.463049,0 -116.919839,32.463064,0 -116.919856,32.463079,0 -116.919874,32.463094,0 -116.919891,32.463109,0 -116.919909,32.463125,0 -116.919926,32.46314,0 -116.919943,32.463155,0 -116.919961,32.46317,0 -116.919978,32.463186,0 -116.919995,32.463201,0 -116.920012,32.463217,0 -116.920029,32.463232,0 -116.920046,32.463248,0 -116.920064,32.463263,0 -116.920081,32.463279,0 -116.920098,32.463294,0 -116.920115,32.46331,0 -116.920131,32.463325,0 -116.920148,32.463341,0 -116.920165,32.463356,0 -116.920182,32.463372,0 -116.920199,32.463388,0 -116.920216,32.463404,0 -116.920232,32.463419,0 -116.920249,32.463435,0 -116.920266,32.463451,0 -116.920282,32.463467,0 -116.920299,32.463483,0 -116.920316,32.463498,0 -116.920332,32.463514,0 -116.920349,32.46353,0 -116.920365,32.463546,0 -116.920382,32.463562,0 -116.920398,32.463578,0 -116.920414,32.463594,0 -116.920431,32.46361,0 -116.920447,32.463626,0 -116.920463,32.463642,0 -116.92048,32.463659,0 -116.920496,32.463675,0 -116.920512,32.463691,0 -116.920528,32.463707,0 -116.920544,32.463723,0 -116.92056,32.46374,0 -116.920576,32.463756,0 -116.920592,32.463772,0 -116.920608,32.463788,0 -116.920624,32.463805,0 -116.92064,32.463821,0 -116.920656,32.463838,0 -116.920672,32.463854,0 -116.920688,32.46387,0 -116.920703,32.463887,0 -116.920719,32.463903,0 -116.920735,32.46392,0 -116.92075,32.463936,0 -116.920766,32.463953,0 -116.920781,32.46397,0 -116.920797,32.463986,0 -116.920813,32.464003,0 -116.920828,32.464019,0 -116.920843,32.464036,0 -116.920859,32.464053,0 -116.920874,32.46407,0 -116.92089,32.464086,0 -116.920905,32.464103,0 -116.92092,32.46412,0 -116.920935,32.464137,0 -116.92095,32.464154,0 -116.920966,32.46417,0 -116.920981,32.464187,0 -116.920996,32.464204,0 -116.921011,32.464221,0 -116.921026,32.464238,0 -116.921041,32.464255,0 -116.921056,32.464272,0 -116.921071,32.464289,0 -116.921086,32.464306,0 -116.9211,32.464323,0 -116.921115,32.46434,0 -116.92113,32.464358,0 -116.921145,32.464375,0 -116.921159,32.464392,0 -116.921174,32.464409,0 -116.921189,32.464426,0 -116.921203,32.464443,0 -116.921218,32.464461,0 -116.921232,32.464478,0 -116.921247,32.464495,0 -116.921261,32.464513,0 -116.921275,32.46453,0 -116.92129,32.464547,0 -116.921304,32.464565,0 -116.921318,32.464582,0 -116.921333,32.4646,0 -116.921347,32.464617,0 -116.921361,32.464634,0 -116.921375,32.464652,0 -116.921389,32.464669,0 -116.921403,32.464687,0 -116.921417,32.464705,0 -116.921431,32.464722,0 -116.921445,32.46474,0 -116.921459,32.464757,0 -116.921473,32.464775,0 -116.921487,32.464793,0 -116.921501,32.46481,0 -116.921514,32.464828,0 -116.921528,32.464846,0 -116.921542,32.464864,0 -116.921555,32.464881,0 -116.921569,32.464899,0 -116.921583,32.464917,0 -116.921596,32.464935,0 -116.92161,32.464953,0 -116.921623,32.46497,0 -116.921626,32.464974,0 -116.921628,32.464978,0 -116.921631,32.464981,0 -116.921634,32.464985,0 -116.921637,32.464989,0 -116.921639,32.464992,0 -116.921642,32.464996,0 -116.921645,32.464999,0 -116.921647,32.465003,0 -116.92165,32.465007,0 -116.921653,32.46501,0 -116.921655,32.465014,0 -116.921658,32.465018,0 -116.921661,32.465021,0 -116.921664,32.465025,0 -116.921666,32.465029,0 -116.921669,32.465032,0 -116.921672,32.465036,0 -116.921674,32.46504,0 -116.921677,32.465043,0 -116.92168,32.465047,0 -116.921682,32.465051,0 -116.921685,32.465054,0 -116.921687,32.465058,0 -116.92169,32.465061,0 -116.921693,32.465065,0 -116.921695,32.465069,0 -116.921698,32.465072,0 -116.921701,32.465076,0 -116.921703,32.46508,0 -116.921706,32.465083,0 -116.921709,32.465087,0 -116.921711,32.465091,0 -116.921714,32.465094,0 -116.921717,32.465098,0 -116.921719,32.465102,0 -116.921722,32.465106,0 -116.921724,32.465109,0 -116.921727,32.465113,0 -116.92173,32.465117,0 -116.921732,32.46512,0 -116.921735,32.465124,0 -116.921737,32.465128,0 -116.92174,32.465131,0 -116.921743,32.465135,0 -116.921745,32.465139,0 -116.921748,32.465142,0 -116.92175,32.465146,0 -116.921753,32.46515,0 -116.921756,32.465153,0 -116.921758,32.465157,0 -116.921761,32.465161,0 -116.921763,32.465165,0 -116.921766,32.465168,0 -116.921768,32.465172,0 -116.921771,32.465176,0 -116.921773,32.465179,0 -116.921776,32.465183,0 -116.921779,32.465187,0 -116.921781,32.46519,0 -116.921784,32.465194,0 -116.921786,32.465198,0 -116.921789,32.465202,0 -116.921791,32.465205,0 -116.921794,32.465209,0 -116.921796,32.465213,0 -116.921799,32.465216,0 -116.921801,32.46522,0 -116.921804,32.465224,0 -116.921806,32.465228,0 -116.921809,32.465231,0 -116.921812,32.465235,0 -116.921814,32.465239,0 -116.921817,32.465243,0 -116.921819,32.465246,0 -116.921822,32.46525,0 -116.921824,32.465254,0 -116.921827,32.465257,0 -116.921829,32.465261,0 -116.921832,32.465265,0 -116.921834,32.465269,0 -116.921837,32.465272,0 -116.921839,32.465276,0 -116.921841,32.46528,0 -116.921844,32.465284,0 -116.921846,32.465287,0 -116.921849,32.465291,0 -116.921851,32.465295,0 -116.921854,32.465299,0 -116.921856,32.465302,0 -116.921859,32.465306,0 -116.921861,32.46531,0 -116.921864,32.465314,0 -116.921866,32.465317,0 -116.921869,32.465321,0 -116.921871,32.465325,0 -116.921873,32.465329,0 -116.921876,32.465333,0 -116.921878,32.465336,0 -116.921881,32.46534,0 -116.921883,32.465344,0 -116.921886,32.465348,0 -116.921888,32.465351,0 -116.921891,32.465355,0 -116.921893,32.465359,0 -116.921895,32.465363,0 -116.921898,32.465366,0 -116.9219,32.46537,0 -116.921903,32.465374,0 -116.921905,32.465378,0 -116.921907,32.465382,0 -116.92191,32.465385,0 -116.921912,32.465389,0 -116.921915,32.465393,0 -116.921917,32.465397,0 -116.921919,32.4654,0 -116.921922,32.465404,0 -116.921924,32.465408,0 -116.921927,32.465412,0 -116.921929,32.465416,0 -116.921931,32.465419,0 -116.921934,32.465423,0 -116.921936,32.465427,0 -116.921938,32.465431,0 -116.921941,32.465435,0 -116.921943,32.465438,0 -116.921945,32.465442,0 -116.921948,32.465446,0 -116.92195,32.46545,0 -116.921952,32.465454,0 -116.921955,32.465457,0 -116.921957,32.465461,0 -116.921959,32.465465,0 -116.921962,32.465469,0 -116.921964,32.465473,0 -116.921966,32.465477,0 -116.921969,32.46548,0 -116.921971,32.465484,0 -116.921973,32.465488,0 -116.921976,32.465492,0 -116.921978,32.465496,0 -116.92198,32.465499,0 -116.921983,32.465503,0 -116.921985,32.465507,0 -116.921987,32.465511,0 -116.92199,32.465515,0 -116.921992,32.465519,0 -116.921994,32.465522,0 -116.921996,32.465526,0 -116.921999,32.46553,0 -116.922001,32.465534,0 -116.922003,32.465538,0 -116.922006,32.465542,0 -116.922008,32.465545,0 -116.92201,32.465549,0 -116.922012,32.465553,0 -116.922015,32.465557,0 -116.922017,32.465561,0 -116.922019,32.465565,0 -116.922021,32.465568,0 -116.922024,32.465572,0 -116.922026,32.465576,0 -116.922028,32.46558,0 -116.92203,32.465584,0 -116.922033,32.465588,0 -116.922035,32.465592,0 -116.922037,32.465595,0 -116.922039,32.465599,0 -116.922042,32.465603,0 -116.922044,32.465607,0 -116.922046,32.465611,0 -116.922048,32.465615,0 -116.922051,32.465619,0 -116.922053,32.465622,0 -116.922055,32.465626,0 -116.922057,32.46563,0 -116.922059,32.465634,0 -116.922062,32.465638,0 -116.922064,32.465642,0 -116.922066,32.465646,0 -116.922067,32.465648,0 -116.922069,32.465651,0 -116.92207,32.465653,0 -116.922072,32.465656,0 -116.922073,32.465659,0 -116.922074,32.465661,0 -116.922076,32.465664,0 -116.922077,32.465666,0 -116.922078,32.465669,0 -116.92208,32.465672,0 -116.922081,32.465674,0 -116.922082,32.465677,0 -116.922084,32.465679,0 -116.922085,32.465682,0 -116.922086,32.465685,0 -116.922087,32.465687,0 -116.922088,32.46569,0 -116.92209,32.465693,0 -116.922091,32.465695,0 -116.922092,32.465698,0 -116.922093,32.465701,0 -116.922094,32.465704,0 -116.922095,32.465706,0 -116.922096,32.465709,0 -116.922097,32.465712,0 -116.922098,32.465714,0 -116.922099,32.465717,0 -116.9221,32.46572,0 -116.922101,32.465722,0 -116.922102,32.465725,0 -116.922103,32.465728,0 -116.922104,32.465731,0 -116.922105,32.465733,0 -116.922106,32.465736,0 -116.922107,32.465739,0 -116.922108,32.465742,0 -116.922109,32.465744,0 -116.92211,32.465747,0 -116.92211,32.46575,0 -116.922111,32.465753,0 -116.922112,32.465755,0 -116.922113,32.465758,0 -116.922114,32.465761,0 -116.922114,32.465764,0 -116.922115,32.465767,0 -116.922116,32.465769,0 -116.922116,32.465772,0 -116.922117,32.465775,0 -116.922118,32.465778,0 -116.922118,32.465781,0 -116.922119,32.465783,0 -116.92212,32.465786,0 -116.92212,32.465789,0 -116.922121,32.465792,0 -116.922121,32.465795,0 -116.922122,32.465797,0 -116.922122,32.4658,0 -116.922123,32.465803,0 -116.922123,32.465806,0 -116.922124,32.465809,0 -116.922124,32.465811,0 -116.922125,32.465814,0 -116.922125,32.465817,0 -116.922126,32.46582,0 -116.922126,32.465823,0 -116.922126,32.465826,0 -116.922127,32.465828,0 -116.922127,32.465831,0 -116.922127,32.465834,0 -116.922128,32.465837,0 -116.922128,32.46584,0 -116.922128,32.465843,0 -116.922128,32.465845,0 -116.922129,32.465848,0 -116.922129,32.465851,0 -116.922129,32.465854,0 -116.922129,32.465857,0 -116.922129,32.46586,0 -116.922129,32.465863,0 -116.92213,32.465865,0 -116.92213,32.465868,0 -116.92213,32.465871,0 -116.92213,32.465874,0 -116.92213,32.465877,0 -116.92213,32.46588,0 -116.92213,32.465882,0 -116.92213,32.465885,0 -116.92213,32.465888,0 -116.92213,32.465891,0 -116.92213,32.465894,0 -116.92213,32.465897,0 -116.92213,32.4659,0 -116.922129,32.465902,0 -116.922129,32.465905,0 -116.922129,32.465908,0 -116.922129,32.465911,0 -116.922129,32.465914,0 -116.922129,32.465917,0 -116.922128,32.465919,0 -116.922128,32.465922,0 -116.922128,32.465925,0 -116.922128,32.465928,0 -116.922127,32.465931,0 -116.922127,32.465934,0 -116.922127,32.465937,0 -116.922126,32.465939,0 -116.922126,32.465942,0 -116.922126,32.465945,0 -116.922125,32.465948,0 -116.922125,32.465951,0 -116.922125,32.465954,0 -116.922124,32.465956,0 -116.922124,32.465959,0 -116.922123,32.465962,0 -116.922123,32.465965,0 -116.922122,32.465968,0 -116.922122,32.46597,0 -116.922121,32.465973,0 -116.922121,32.465976,0 -116.92212,32.465979,0 -116.922119,32.465982,0 -116.922119,32.465984,0 -116.922118,32.465987,0 -116.922117,32.46599,0 -116.922117,32.465993,0 -116.922116,32.465996,0 -116.922115,32.465998,0 -116.922115,32.466001,0 -116.922114,32.466004,0 -116.922113,32.466007,0 -116.922112,32.46601,0 -116.922112,32.466012,0 -116.922111,32.466015,0 -116.92211,32.466018,0 -116.922109,32.466021,0 -116.922108,32.466023,0 -116.922108,32.466026,0 -116.922107,32.466029,0 -116.922106,32.466032,0 -116.922105,32.466034,0 -116.922104,32.466037,0 -116.922103,32.46604,0 -116.922102,32.466043,0 -116.922101,32.466045,0 -116.9221,32.466048,0 -116.922099,32.466051,0 -116.922098,32.466053,0 -116.922097,32.466056,0 -116.922096,32.466059,0 -116.922095,32.466062,0 -116.922094,32.466064,0 -116.922092,32.466067,0 -116.922091,32.46607,0 -116.92209,32.466072,0 -116.922089,32.466075,0 -116.922088,32.466078,0 -116.922087,32.46608,0 -116.922085,32.466083,0 -116.922084,32.466086,0 -116.922083,32.466088,0 -116.922082,32.466091,0 -116.92208,32.466093,0 -116.922079,32.466096,0 -116.922078,32.466099,0 -116.922076,32.466101,0 -116.922075,32.466104,0 -116.922074,32.466107,0 -116.922072,32.466109,0 -116.922071,32.466112,0 -116.92207,32.466114,0 -116.922068,32.466117,0 -116.922067,32.46612,0 -116.922065,32.466122,0 -116.922064,32.466125,0 -116.922062,32.466127,0 -116.922061,32.46613,0 -116.922059,32.466132,0 -116.922058,32.466135,0 -116.922056,32.466137,0 -116.922055,32.46614,0 -116.922051,32.466145,0 -116.922048,32.46615,0 -116.922045,32.466155,0 -116.922041,32.46616,0 -116.922038,32.466165,0 -116.922034,32.46617,0 -116.92203,32.466175,0 -116.922027,32.46618,0 -116.922023,32.466185,0 -116.922019,32.466189,0 -116.922015,32.466194,0 -116.922011,32.466199,0 -116.922007,32.466204,0 -116.922003,32.466208,0 -116.921998,32.466213,0 -116.921994,32.466217,0 -116.92199,32.466222,0 -116.921985,32.466226,0 -116.921981,32.466231,0 -116.921976,32.466235,0 -116.921972,32.466239,0 -116.921967,32.466244,0 -116.921962,32.466248,0 -116.921957,32.466252,0 -116.921953,32.466256,0 -116.921948,32.46626,0 -116.921943,32.466264,0 -116.921938,32.466268,0 -116.921932,32.466272,0 -116.921927,32.466276,0 -116.921922,32.466279,0 -116.921917,32.466283,0 -116.921912,32.466287,0 -116.921906,32.466291,0 -116.921901,32.466294,0 -116.921895,32.466298,0 -116.92189,32.466301,0 -116.921884,32.466304,0 -116.921879,32.466308,0 -116.921873,32.466311,0 -116.921867,32.466314,0 -116.921861,32.466317,0 -116.921856,32.466321,0 -116.92185,32.466324,0 -116.921844,32.466327,0 -116.921838,32.466329,0 -116.921832,32.466332,0 -116.921826,32.466335,0 -116.92182,32.466338,0 -116.921814,32.46634,0 -116.921808,32.466343,0 -116.921801,32.466346,0 -116.921795,32.466348,0 -116.921789,32.46635,0 -116.921783,32.466353,0 -116.921776,32.466355,0 -116.92177,32.466357,0 -116.921764,32.466359,0 -116.921757,32.466362,0 -116.921751,32.466364,0 -116.921744,32.466365,0 -116.921738,32.466367,0 -116.921731,32.466369,0 -116.921725,32.466371,0 -116.921718,32.466373,0 -116.921712,32.466374,0 -116.921705,32.466376,0 -116.921698,32.466377,0 -116.921692,32.466379,0 -116.921685,32.46638,0 -116.921678,32.466381,0 -116.921672,32.466382,0 -116.921665,32.466383,0 -116.921658,32.466384,0 -116.921651,32.466385,0 -116.921645,32.466386,0 -116.921638,32.466387,0 -116.921631,32.466388,0 -116.921624,32.466389,0 -116.921617,32.466389,0 -116.92161,32.46639,0 -116.921604,32.46639,0 -116.921597,32.466391,0 -116.92159,32.466391,0 -116.921583,32.466391,0 -116.921576,32.466391,0 -116.921569,32.466392,0 -116.921562,32.466392,0 -116.921556,32.466392,0 -116.921549,32.466391,0 -116.921542,32.466391,0 -116.921535,32.466391,0 -116.921528,32.466391,0 -116.921521,32.46639,0 -116.921515,32.46639,0 -116.921508,32.466389,0 -116.921501,32.466389,0 -116.921494,32.466388,0 -116.921487,32.466387,0 -116.92148,32.466387,0 -116.921474,32.466386,0 -116.921467,32.466385,0 -116.92146,32.466384,0 -116.921453,32.466383,0 -116.921447,32.466381,0 -116.92144,32.46638,0 -116.921433,32.466379,0 -116.921427,32.466378,0 -116.92142,32.466376,0 -116.921413,32.466375,0 -116.921407,32.466373,0 -116.9214,32.466371,0 -116.921394,32.46637,0 -116.921387,32.466368,0 -116.921381,32.466366,0 -116.921374,32.466364,0 -116.921368,32.466362,0 -116.921361,32.46636,0 -116.921355,32.466358,0 -116.921348,32.466356,0 -116.921342,32.466354,0 -116.921336,32.466351,0 -116.92133,32.466349,0 -116.921323,32.466346,0 -116.921317,32.466344,0 -116.921311,32.466341,0 -116.921305,32.466339,0 -116.921299,32.466336,0 -116.921293,32.466333,0 -116.921287,32.46633,0 -116.921281,32.466327,0 -116.921275,32.466325,0 -116.921269,32.466322,0 -116.921263,32.466318,0 -116.921257,32.466315,0 -116.921252,32.466312,0 -116.921246,32.466309,0 -116.92124,32.466306,0 -116.921235,32.466302,0 -116.921229,32.466299,0 -116.921224,32.466295,0 -116.921218,32.466292,0 -116.921213,32.466288,0 -116.921208,32.466284,0 -116.921202,32.466281,0 -116.921197,32.466277,0 -116.921192,32.466273,0 -116.921187,32.466269,0 -116.921182,32.466265,0 -116.921177,32.466261,0 -116.921172,32.466257,0 -116.921167,32.466253,0 -116.921162,32.466249,0 -116.921157,32.466245,0 -116.921153,32.466241,0 -116.921148,32.466236,0 -116.921143,32.466232,0 -116.921139,32.466228,0 -116.921134,32.466223,0 -116.92113,32.466219,0 -116.921126,32.466214,0 -116.921121,32.46621,0 -116.921117,32.466205,0 -116.921113,32.4662,0 -116.921109,32.466196,0 -116.921105,32.466191,0 -116.921101,32.466186,0 -116.921097,32.466181,0 -116.921094,32.466177,0 -116.92109,32.466172,0 -116.921086,32.466167,0 -116.921083,32.466162,0 -116.921079,32.466157,0 -116.921076,32.466152,0 -116.921072,32.466147,0 -116.921069,32.466142,0 -116.921066,32.466136,0 -116.921063,32.466131,0 -116.92106,32.466126,0 -116.921057,32.466121,0 -116.921056,32.466119,0 -116.921055,32.466117,0 -116.921053,32.466115,0 -116.921052,32.466113,0 -116.921051,32.466111,0 -116.92105,32.466109,0 -116.921049,32.466107,0 -116.921048,32.466104,0 -116.921047,32.466102,0 -116.921046,32.4661,0 -116.921045,32.466098,0 -116.921044,32.466096,0 -116.921043,32.466094,0 -116.921042,32.466092,0 -116.921041,32.46609,0 -116.92104,32.466088,0 -116.921039,32.466086,0 -116.921038,32.466084,0 -116.921037,32.466082,0 -116.921036,32.46608,0 -116.921035,32.466078,0 -116.921034,32.466075,0 -116.921033,32.466073,0 -116.921032,32.466071,0 -116.921031,32.466069,0 -116.921031,32.466067,0 -116.92103,32.466065,0 -116.921029,32.466063,0 -116.921028,32.466061,0 -116.921027,32.466059,0 -116.921026,32.466057,0 -116.921025,32.466054,0 -116.921025,32.466052,0 -116.921024,32.46605,0 -116.921023,32.466048,0 -116.921022,32.466046,0 -116.921021,32.466044,0 -116.921021,32.466042,0 -116.92102,32.46604,0 -116.921019,32.466037,0 -116.921018,32.466035,0 -116.921017,32.466033,0 -116.921017,32.466031,0 -116.921016,32.466029,0 -116.921015,32.466027,0 -116.921015,32.466024,0 -116.921014,32.466022,0 -116.921013,32.46602,0 -116.921013,32.466018,0 -116.921012,32.466016,0 -116.921011,32.466014,0 -116.921011,32.466012,0 -116.92101,32.466009,0 -116.921009,32.466007,0 -116.921009,32.466005,0 -116.921008,32.466003,0 -116.921007,32.466001,0 -116.921007,32.465998,0 -116.921006,32.465996,0 -116.921006,32.465994,0 -116.921005,32.465992,0 -116.921005,32.46599,0 -116.921004,32.465988,0 -116.921004,32.465985,0 -116.921003,32.465983,0 -116.921002,32.465981,0 -116.921002,32.465979,0 -116.921001,32.465977,0 -116.921001,32.465974,0 -116.921001,32.465972,0 -116.921,32.46597,0 -116.921,32.465968,0 -116.920999,32.465966,0 -116.920999,32.465963,0 -116.920998,32.465961,0 -116.920998,32.465959,0 -116.920997,32.465957,0 -116.920997,32.465955,0 -116.920997,32.465952,0 -116.920996,32.46595,0 -116.920996,32.465948,0 -116.920996,32.465946,0 -116.920995,32.465943,0 -116.920995,32.465941,0 -116.920995,32.465939,0 -116.920994,32.465937,0 -116.920994,32.465935,0 -116.920994,32.465932,0 -116.920993,32.46593,0 -116.920993,32.465928,0 -116.920993,32.465926,0 -116.920992,32.465923,0 -116.920992,32.465921,0 -116.920992,32.465919,0 -116.920992,32.465917,0 -116.920992,32.465915,0 -116.920991,32.465912,0 -116.920991,32.46591,0 -116.920991,32.465908,0 -116.920991,32.465906,0 -116.920991,32.465903,0 -116.92099,32.465901,0 -116.92099,32.465899,0 -116.92099,32.465897,0 -116.92099,32.465895,0 -116.92099,32.465892,0 -116.92099,32.46589,0 -116.92099,32.465888,0 -116.92099,32.465886,0 -116.920989,32.465883,0 -116.920989,32.465881,0 -116.920989,32.465879,0 -116.920989,32.465877,0 -116.920989,32.465874,0 -116.920989,32.465872,0 -116.920989,32.46587,0 -116.920989,32.465868,0 -116.920989,32.465865,0 -116.920989,32.465863,0 -116.920989,32.465861,0 -116.920989,32.465859,0 -116.920989,32.465857,0 -116.920989,32.465854,0 -116.920989,32.465852,0 -116.920989,32.46585,0 -116.920989,32.465848,0 -116.92099,32.465845,0 -116.92099,32.465843,0 -116.92099,32.465841,0 -116.92099,32.465839,0 -116.92099,32.465836,0 -116.92099,32.465834,0 -116.92099,32.465832,0 -116.92099,32.46583,0 -116.920991,32.465827,0 -116.920991,32.465825,0 -116.920991,32.465823,0 -116.920991,32.465821,0 -116.920991,32.465819,0 -116.920992,32.465816,0 -116.920992,32.465814,0 -116.920992,32.465812,0 -116.920992,32.46581,0 -116.920993,32.465807,0 -116.920993,32.465805,0 -116.920993,32.465803,0 -116.920993,32.465801,0 -116.920994,32.465799,0 -116.920994,32.465796,0 -116.920994,32.465794,0 -116.920995,32.465792,0 -116.920995,32.46579,0 -116.920995,32.465787,0 -116.920996,32.465785,0 -116.920996,32.465783,0 -116.920996,32.465781,0 -116.920997,32.465779,0 -116.920997,32.465776,0 -116.920997,32.465774,0 -116.920998,32.465772,0 -116.920998,32.46577,0 -116.920999,32.465768,0 -116.920999,32.465765,0 -116.921,32.465763,0 -116.921,32.465761,0 -116.921001,32.465759,0 -116.921001,32.465757,0 -116.921001,32.465754,0 -116.921002,32.465752,0 -116.921002,32.46575,0 -116.921003,32.465748,0 -116.921004,32.465746,0 -116.921004,32.465743,0 -116.921005,32.465741,0 -116.921005,32.465739,0 -116.921006,32.465737,0 -116.921006,32.465735,0 -116.921007,32.465732,0 -116.921007,32.46573,0 -116.921008,32.465728,0 -116.923762,32.463563,0 -116.925285,32.462393,0 -116.92529,32.462389,0 -116.925294,32.462386,0 -116.925298,32.462383,0 -116.925303,32.462379,0 -116.925307,32.462376,0 -116.925311,32.462372,0 -116.925315,32.462369,0 -116.92532,32.462365,0 -116.925324,32.462362,0 -116.925328,32.462358,0 -116.925332,32.462355,0 -116.925336,32.462351,0 -116.92534,32.462348,0 -116.925344,32.462344,0 -116.925349,32.462341,0 -116.925353,32.462337,0 -116.925357,32.462334,0 -116.925361,32.46233,0 -116.925365,32.462326,0 -116.925369,32.462323,0 -116.925373,32.462319,0 -116.925377,32.462315,0 -116.925381,32.462312,0 -116.925384,32.462308,0 -116.925388,32.462304,0 -116.925392,32.4623,0 -116.925396,32.462297,0 -116.9254,32.462293,0 -116.925404,32.462289,0 -116.925407,32.462285,0 -116.925411,32.462281,0 -116.925415,32.462278,0 -116.925419,32.462274,0 -116.925422,32.46227,0 -116.925426,32.462266,0 -116.92543,32.462262,0 -116.925433,32.462258,0 -116.925437,32.462254,0 -116.925441,32.46225,0 -116.925444,32.462246,0 -116.925448,32.462242,0 -116.925451,32.462238,0 -116.925455,32.462234,0 -116.925458,32.46223,0 -116.925462,32.462226,0 -116.925465,32.462222,0 -116.925469,32.462218,0 -116.925472,32.462214,0 -116.925476,32.46221,0 -116.925479,32.462206,0 -116.925482,32.462202,0 -116.925486,32.462198,0 -116.925489,32.462194,0 -116.925492,32.46219,0 -116.925495,32.462186,0 -116.925499,32.462181,0 -116.925502,32.462177,0 -116.925505,32.462173,0 -116.925508,32.462169,0 -116.925511,32.462165,0 -116.925514,32.46216,0 -116.925518,32.462156,0 -116.925521,32.462152,0 -116.925524,32.462148,0 -116.925527,32.462143,0 -116.92553,32.462139,0 -116.925533,32.462135,0 -116.925536,32.462131,0 -116.925539,32.462126,0 -116.925542,32.462122,0 -116.925544,32.462118,0 -116.925547,32.462113,0 -116.92555,32.462109,0 -116.925553,32.462104,0 -116.925556,32.4621,0 -116.925559,32.462096,0 -116.925561,32.462091,0 -116.925564,32.462087,0 -116.925567,32.462082,0 -116.925569,32.462078,0 -116.925572,32.462074,0 -116.925575,32.462069,0 -116.925577,32.462065,0 -116.92558,32.46206,0 -116.925582,32.462056,0 -116.925585,32.462051,0 -116.925587,32.462047,0 -116.92559,32.462042,0 -116.925592,32.462038,0 -116.925595,32.462033,0 -116.925597,32.462029,0 -116.9256,32.462024,0 -116.925602,32.46202,0 -116.925604,32.462015,0 -116.925607,32.46201,0 -116.925609,32.462006,0 -116.925611,32.462001,0 -116.925614,32.461997,0 -116.925616,32.461992,0 -116.925618,32.461987,0 -116.92562,32.461983,0 -116.925622,32.461978,0 -116.925624,32.461973,0 -116.925627,32.461969,0 -116.925629,32.461964,0 -116.925631,32.461959,0 -116.925633,32.461955,0 -116.925635,32.46195,0 -116.925637,32.461945,0 -116.925639,32.461941,0 -116.92564,32.461936,0 -116.925642,32.461931,0 -116.925644,32.461927,0 -116.925646,32.461922,0 -116.925648,32.461917,0 -116.92565,32.461912,0 -116.925651,32.461908,0 -116.925653,32.461903,0 -116.925655,32.461898,0 -116.925657,32.461893,0 -116.925658,32.461889,0 -116.92566,32.461884,0 -116.925662,32.461879,0 -116.925663,32.461874,0 -116.925665,32.461869,0 -116.925666,32.461865,0 -116.925668,32.46186,0 -116.925669,32.461855,0 -116.925671,32.46185,0 -116.925672,32.461845,0 -116.925674,32.46184,0 -116.925675,32.461836,0 -116.925676,32.461831,0 -116.925678,32.461826,0 -116.925679,32.461821,0 -116.92568,32.461816,0 -116.925681,32.461811,0 -116.925683,32.461806,0 -116.925684,32.461802,0 -116.925685,32.461797,0 -116.925686,32.461792,0 -116.925687,32.461787,0 -116.925688,32.461782,0 -116.92569,32.461777,0 -116.925691,32.461772,0 -116.925692,32.461767,0 -116.925693,32.461762,0 -116.925694,32.461757,0 -116.925695,32.461753,0 -116.925695,32.461748,0 -116.925696,32.461743,0 -116.925697,32.461738,0 -116.925698,32.461733,0 -116.925699,32.461728,0 -116.9257,32.461723,0 -116.9257,32.461718,0 -116.925701,32.461713,0 -116.925702,32.461708,0 -116.925702,32.461703,0 -116.925703,32.461698,0 -116.925704,32.461693,0 -116.925704,32.461688,0 -116.925705,32.461683,0 -116.925705,32.461678,0 -116.925706,32.461673,0 -116.925706,32.461669,0 -116.925707,32.461664,0 -116.925707,32.461659,0 -116.925708,32.461654,0 -116.925708,32.461649,0 -116.925709,32.461644,0 -116.925709,32.461639,0 -116.925709,32.461634,0 -116.925709,32.461629,0 -116.92571,32.461624,0 -116.92571,32.461619,0 -116.92571,32.461614,0 -116.92571,32.461609,0 -116.92571,32.461604,0 -116.925711,32.461599,0 -116.925711,32.461595,0 -116.925711,32.461592,0 -116.925711,32.461589,0 -116.925711,32.461585,0 -116.925712,32.461582,0 -116.925712,32.461578,0 -116.925712,32.461575,0 -116.925713,32.461571,0 -116.925713,32.461568,0 -116.925714,32.461565,0 -116.925715,32.461561,0 -116.925715,32.461558,0 -116.925716,32.461554,0 -116.925717,32.461551,0 -116.925718,32.461548,0 -116.925719,32.461544,0 -116.92572,32.461541,0 -116.925721,32.461538,0 -116.925722,32.461534,0 -116.925723,32.461531,0 -116.925724,32.461528,0 -116.925725,32.461524,0 -116.925726,32.461521,0 -116.925728,32.461518,0 -116.925729,32.461515,0 -116.92573,32.461511,0 -116.925732,32.461508,0 -116.925733,32.461505,0 -116.925735,32.461502,0 -116.925737,32.461499,0 -116.925738,32.461496,0 -116.92574,32.461492,0 -116.925742,32.461489,0 -116.925744,32.461486,0 -116.925745,32.461483,0 -116.925747,32.46148,0 -116.925749,32.461477,0 -116.925751,32.461474,0 -116.925753,32.461471,0 -116.925756,32.461468,0 -116.925758,32.461465,0 -116.92576,32.461462,0 -116.925762,32.46146,0 -116.925764,32.461457,0 -116.925767,32.461454,0 -116.925769,32.461451,0 -116.925772,32.461448,0 -116.925774,32.461446,0 -116.925776,32.461443,0 -116.925779,32.46144,0 -116.925782,32.461438,0 -116.925784,32.461435,0 -116.925787,32.461432,0 -116.92579,32.46143,0 -116.925792,32.461427,0 -116.925795,32.461425,0 -116.925798,32.461422,0 -116.925801,32.46142,0 -116.925804,32.461417,0 -116.925807,32.461415,0 -116.92581,32.461413,0 -116.925813,32.46141,0 -116.925816,32.461408,0 -116.925819,32.461406,0 -116.925822,32.461404,0 -116.925825,32.461402,0 -116.925828,32.461399,0 -116.925832,32.461397,0 -116.925835,32.461395,0 -116.925838,32.461393,0 -116.925841,32.461391,0 -116.925845,32.461389,0 -116.925848,32.461387,0 -116.925852,32.461386,0 -116.925855,32.461384,0 -116.925858,32.461382,0 -116.925862,32.46138,0 -116.925865,32.461379,0 -116.925869,32.461377,0 -116.925873,32.461375,0 -116.925876,32.461374,0 -116.92588,32.461372,0 -116.925883,32.461371,0 -116.925887,32.461369,0 -116.925891,32.461368,0 -116.925895,32.461366,0 -116.925898,32.461365,0 -116.925902,32.461364,0 -116.925906,32.461362,0 -116.92591,32.461361,0 -116.925913,32.46136,0 -116.925917,32.461359,0 -116.925921,32.461358,0 -116.925925,32.461357,0 -116.925929,32.461356,0 -116.925933,32.461355,0 -116.925937,32.461354,0 -116.925941,32.461353,0 -116.925945,32.461352,0 -116.925949,32.461351,0 -116.925953,32.461351,0 -116.925956,32.46135,0 -116.92596,32.461349,0 -116.925964,32.461349,0 -116.925968,32.461348,0 -116.925973,32.461348,0 -116.925977,32.461347,0 -116.925981,32.461347,0 -116.925985,32.461346,0 -116.925989,32.461346,0 -116.925993,32.461346,0 -116.925997,32.461346,0 -116.926001,32.461345,0 -116.926005,32.461345,0 -116.926009,32.461345,0 -116.926013,32.461345,0 -116.926017,32.461345,0 -116.926021,32.461345,0 -116.926025,32.461345,0 -116.926029,32.461345,0 -116.926033,32.461346,0 -116.926037,32.461346,0 -116.926041,32.461346,0 -116.926045,32.461346,0 -116.926049,32.461347,0 -116.926053,32.461347,0 -116.926057,32.461348,0 -116.926062,32.461348,0 -116.926066,32.461349,0 -116.92607,32.461349,0 -116.926074,32.46135,0 -116.926077,32.461351,0 -116.926081,32.461351,0 -116.926117,32.46136,0 -116.92612,32.461361,0 -116.926124,32.461362,0 -116.926128,32.461364,0 -116.926132,32.461365,0 -116.926135,32.461366,0 -116.926139,32.461368,0 -116.926143,32.461369,0 -116.926147,32.46137,0 -116.92615,32.461372,0 -116.926154,32.461374,0 -116.926157,32.461375,0 -116.926161,32.461377,0 -116.926165,32.461378,0 -116.926168,32.46138,0 -116.926172,32.461382,0 -116.926175,32.461384,0 -116.926178,32.461385,0 -116.926182,32.461387,0 -116.926185,32.461389,0 -116.926189,32.461391,0 -116.926195,32.461395,0 -116.926199,32.461397,0 -116.926202,32.461399,0 -116.926205,32.461401,0 -116.926208,32.461404,0 -116.926217,32.46141,0 -116.92622,32.461413,0 -116.926223,32.461415,0 -116.926226,32.461417,0 -116.926229,32.46142,0 -116.926232,32.461422,0 -116.926235,32.461425,0 -116.926238,32.461427,0 -116.92624,32.46143,0 -116.926243,32.461432,0 -116.930048,32.465139,0 -116.930734,32.465941,0 -116.932063,32.468605,0 -116.93407,32.47297,0 -116.936345,32.47781,0 -116.938504,32.482819,0 -116.938509,32.482828,0 -116.938513,32.482838,0 -116.938517,32.482848,0 -116.938522,32.482858,0 -116.938526,32.482868,0 -116.938531,32.482878,0 -116.938535,32.482887,0 -116.93854,32.482897,0 -116.938544,32.482907,0 -116.938549,32.482917,0 -116.938554,32.482926,0 -116.938559,32.482936,0 -116.938563,32.482946,0 -116.938568,32.482955,0 -116.938573,32.482965,0 -116.938578,32.482975,0 -116.938583,32.482984,0 -116.938588,32.482994,0 -116.938593,32.483003,0 -116.938598,32.483013,0 -116.938604,32.483022,0 -116.938609,32.483032,0 -116.938614,32.483041,0 -116.938619,32.483051,0 -116.938625,32.48306,0 -116.93863,32.48307,0 -116.938636,32.483079,0 -116.938641,32.483089,0 -116.938647,32.483098,0 -116.938652,32.483108,0 -116.938658,32.483117,0 -116.938663,32.483126,0 -116.938669,32.483136,0 -116.938681,32.483154,0 -116.938686,32.483164,0 -116.938692,32.483173,0 -116.938698,32.483182,0 -116.938704,32.483191,0 -116.93871,32.4832,0 -116.938716,32.48321,0 -116.938722,32.483219,0 -116.938728,32.483228,0 -116.938734,32.483237,0 -116.938741,32.483246,0 -116.938747,32.483255,0 -116.938753,32.483264,0 -116.93876,32.483273,0 -116.938766,32.483282,0 -116.938772,32.483291,0 -116.938779,32.4833,0 -116.938785,32.483309,0 -116.938792,32.483318,0 -116.938798,32.483327,0 -116.938812,32.483345,0 -116.938818,32.483354,0 -116.938825,32.483362,0 -116.938832,32.483371,0 -116.938839,32.48338,0 -116.938845,32.483389,0 -116.938852,32.483398,0 -116.938859,32.483406,0 -116.938866,32.483415,0 -116.938873,32.483424,0 -116.93888,32.483432,0 -116.938887,32.483441,0 -116.938895,32.483449,0 -116.938902,32.483458,0 -116.938909,32.483466,0 -116.938916,32.483475,0 -116.938924,32.483484,0 -116.938931,32.483492,0 -116.938938,32.4835,0 -116.938946,32.483509,0 -116.938953,32.483517,0 -116.938961,32.483526,0 -116.938968,32.483534,0 -116.938976,32.483542,0 -116.938983,32.483551,0 -116.938991,32.483559,0 -116.938999,32.483567,0 -116.939006,32.483575,0 -116.939014,32.483584,0 -116.939022,32.483592,0 -116.939038,32.483608,0 -116.939045,32.483616,0 -116.939053,32.483624,0 -116.939061,32.483632,0 -116.939077,32.483648,0 -116.939086,32.483656,0 -116.939102,32.483672,0 -116.939118,32.483688,0 -116.939127,32.483695,0 -116.939143,32.483711,0 -116.939152,32.483719,0 -116.93916,32.483727,0 -116.939168,32.483734,0 -116.939177,32.483742,0 -116.939185,32.483749,0 -116.939203,32.483765,0 -116.939211,32.483772,0 -116.93922,32.48378,0 -116.939229,32.483787,0 -116.939237,32.483795,0 -116.939246,32.483802,0 -116.939255,32.48381,0 -116.939264,32.483817,0 -116.939273,32.483824,0 -116.939281,32.483832,0 -116.93929,32.483839,0 -116.939308,32.483853,0 -116.939317,32.483861,0 -116.939326,32.483868,0 -116.939336,32.483875,0 -116.939372,32.483903,0 -116.939382,32.48391,0 -116.9394,32.483924,0 -116.939409,32.483931,0 -116.939419,32.483938,0 -116.939428,32.483944,0 -116.939438,32.483951,0 -116.939447,32.483958,0 -116.939457,32.483965,0 -116.939466,32.483971,0 -116.939476,32.483978,0 -116.939485,32.483985,0 -116.939495,32.483991,0 -116.939505,32.483998,0 -116.939514,32.484005,0 -116.939524,32.484011,0 -116.939534,32.484018,0 -116.939554,32.48403,0 -116.939563,32.484037,0 -116.939573,32.484043,0 -116.939583,32.484049,0 -116.939593,32.484056,0 -116.939603,32.484062,0 -116.939623,32.484074,0 -116.939633,32.484081,0 -116.939643,32.484087,0 -116.939653,32.484093,0 -116.939663,32.484099,0 -116.939674,32.484105,0 -116.939694,32.484117,0 -116.939704,32.484123,0 -116.939714,32.484129,0 -116.939725,32.484134,0 -116.939745,32.484146,0 -116.939756,32.484152,0 -116.939766,32.484157,0 -116.939777,32.484163,0 -116.939787,32.484169,0 -116.939798,32.484174,0 -116.939808,32.48418,0 -116.939819,32.484186,0 -116.939829,32.484191,0 -116.93984,32.484197,0 -116.93985,32.484202,0 -116.939861,32.484207,0 -116.939872,32.484213,0 -116.939882,32.484218,0 -116.939893,32.484223,0 -116.939904,32.484229,0 -116.939926,32.484239,0 -116.939937,32.484245,0 -116.939949,32.48425,0 -116.93996,32.484256,0 -116.939972,32.484261,0 -116.939983,32.484267,0 -116.939995,32.484272,0 -116.940007,32.484278,0 -116.940018,32.484283,0 -116.94003,32.484288,0 -116.940041,32.484294,0 -116.940053,32.484299,0 -116.940064,32.484304,0 -116.940076,32.48431,0 -116.940088,32.484315,0 -116.940099,32.48432,0 -116.940111,32.484326,0 -116.940123,32.484331,0 -116.940134,32.484336,0 -116.940158,32.484346,0 -116.940169,32.484352,0 -116.940205,32.484367,0 -116.940216,32.484372,0 -116.940228,32.484377,0 -116.94024,32.484382,0 -116.940252,32.484387,0 -116.940263,32.484392,0 -116.940275,32.484397,0 -116.940287,32.484402,0 -116.940299,32.484407,0 -116.940311,32.484412,0 -116.940322,32.484417,0 -116.940334,32.484422,0 -116.940346,32.484427,0 -116.94037,32.484437,0 -116.940382,32.484441,0 -116.940394,32.484446,0 -116.94043,32.484461,0 -116.940441,32.484465,0 -116.940453,32.48447,0 -116.940465,32.484475,0 -116.940477,32.484479,0 -116.940501,32.484489,0 -116.940513,32.484493,0 -116.940537,32.484503,0 -116.940549,32.484507,0 -116.940561,32.484512,0 -116.940574,32.484516,0 -116.940586,32.484521,0 -116.940598,32.484525,0 -116.94061,32.48453,0 -116.940622,32.484534,0 -116.940634,32.484539,0 -116.940646,32.484543,0 -116.940658,32.484548,0 -116.940682,32.484556,0 -116.940695,32.484561,0 -116.940707,32.484565,0 -116.940719,32.484569,0 -116.940731,32.484574,0 -116.940743,32.484578,0 -116.940755,32.484582,0 -116.940768,32.484587,0 -116.940804,32.484599,0 -116.940817,32.484603,0 -116.940829,32.484608,0 -116.940853,32.484616,0 -116.940866,32.48462,0 -116.940902,32.484632,0 -116.940915,32.484636,0 -116.940939,32.484644,0 -116.940952,32.484648,0 -116.940964,32.484652,0 -116.940976,32.484656,0 -116.940989,32.48466,0 -116.941001,32.484664,0 -116.941014,32.484668,0 -116.941026,32.484672,0 -116.941038,32.484675,0 -116.941051,32.484679,0 -116.941063,32.484683,0 -116.941076,32.484687,0 -116.941088,32.484691,0 -116.9411,32.484694,0 -116.941113,32.484698,0 -116.941125,32.484702,0 -116.941138,32.484705,0 -116.94115,32.484709,0 -116.941163,32.484713,0 -116.941175,32.484716,0 -116.941188,32.48472,0 -116.9412,32.484724,0 -116.941213,32.484727,0 -116.941225,32.484731,0 -116.941238,32.484734,0 -116.94125,32.484738,0 -116.941263,32.484741,0 -116.941275,32.484745,0 -116.941288,32.484748,0 -116.9413,32.484752,0 -116.941313,32.484755,0 -116.941325,32.484758,0 -116.941338,32.484762,0 -116.941351,32.484765,0 -116.941363,32.484769,0 -116.941376,32.484772,0 -116.941388,32.484775,0 -116.941401,32.484778,0 -116.941414,32.484782,0 -116.941426,32.484785,0 -116.941452,32.484791,0 -116.941464,32.484795,0 -116.941477,32.484798,0 -116.941489,32.484801,0 -116.941502,32.484804,0 -116.941515,32.484807,0 -116.941528,32.48481,0 -116.94154,32.484813,0 -116.941553,32.484816,0 -116.941566,32.484819,0 -116.941578,32.484822,0 -116.941604,32.484828,0 -116.941616,32.484831,0 -116.941629,32.484834,0 -116.941642,32.484837,0 -116.941655,32.48484,0 -116.941667,32.484843,0 -116.94168,32.484846,0 -116.941693,32.484849,0 -116.941706,32.484852,0 -116.941718,32.484854,0 -116.941731,32.484857,0 -116.941744,32.48486,0 -116.941757,32.484863,0 -116.94177,32.484865,0 -116.941782,32.484868,0 -116.941795,32.484871,0 -116.941808,32.484873,0 -116.941821,32.484876,0 -116.941834,32.484879,0 -116.941846,32.484881,0 -116.941859,32.484884,0 -116.941872,32.484886,0 -116.941898,32.484892,0 -116.941911,32.484894,0 -116.941924,32.484897,0 -116.941936,32.484899,0 -116.941949,32.484901,0 -116.941962,32.484904,0 -116.941975,32.484906,0 -116.941988,32.484909,0 -116.942014,32.484913,0 -116.942027,32.484916,0 -116.94204,32.484918,0 -116.942052,32.48492,0 -116.942065,32.484923,0 -116.942091,32.484927,0 -116.942104,32.484929,0 -116.942117,32.484932,0 -116.94213,32.484934,0 -116.945633,32.485944,0 -116.948811,32.487859,0 -116.955815,32.492542,0 -116.961568,32.496141,0 -116.966532,32.498997,0 -116.966534,32.498999,0 -116.966537,32.499001,0 -116.966539,32.499003,0 -116.966542,32.499005,0 -116.966544,32.499007,0 -116.966547,32.499009,0 -116.96655,32.499012,0 -116.966552,32.499014,0 -116.966555,32.499016,0 -116.966557,32.499018,0 -116.96656,32.49902,0 -116.966563,32.499022,0 -116.966565,32.499024,0 -116.966571,32.499028,0 -116.966573,32.49903,0 -116.966576,32.499032,0 -116.966579,32.499033,0 -116.966582,32.499035,0 -116.966584,32.499037,0 -116.966587,32.499039,0 -116.96659,32.499041,0 -116.966593,32.499043,0 -116.966596,32.499044,0 -116.966599,32.499046,0 -116.966602,32.499048,0 -116.966604,32.49905,0 -116.966607,32.499051,0 -116.96661,32.499053,0 -116.966613,32.499055,0 -116.966616,32.499056,0 -116.966619,32.499058,0 -116.966622,32.499059,0 -116.966628,32.499063,0 -116.966631,32.499064,0 -116.966634,32.499066,0 -116.966638,32.499067,0 -116.966641,32.499069,0 -116.966644,32.49907,0 -116.966647,32.499072,0 -116.966653,32.499074,0 -116.966656,32.499076,0 -116.966659,32.499077,0 -116.966663,32.499078,0 -116.966666,32.49908,0 -116.966669,32.499081,0 -116.966672,32.499082,0 -116.966675,32.499084,0 -116.966679,32.499085,0 -116.966682,32.499086,0 -116.966685,32.499087,0 -116.966688,32.499088,0 -116.966692,32.49909,0 -116.966698,32.499092,0 -116.966702,32.499093,0 -116.966705,32.499094,0 -116.966708,32.499095,0 -116.966712,32.499096,0 -116.966715,32.499097,0 -116.966718,32.499098,0 -116.966722,32.499099,0 -116.966725,32.4991,0 -116.966729,32.499101,0 -116.966732,32.499101,0 -116.966735,32.499102,0 -116.966739,32.499103,0 -116.966742,32.499104,0 -116.966746,32.499105,0 -116.966749,32.499105,0 -116.966753,32.499106,0 -116.966759,32.499108,0 -116.966763,32.499108,0 -116.966766,32.499109,0 -116.96677,32.49911,0 -116.966773,32.49911,0 -116.966777,32.499111,0 -116.96678,32.499111,0 -116.966784,32.499112,0 -116.966787,32.499112,0 -116.966791,32.499113,0 -116.966794,32.499113,0 -116.966798,32.499114,0 -116.966805,32.499114,0 -116.966808,32.499115,0 -116.966815,32.499115,0 -116.966819,32.499116,0 -116.966822,32.499116,0 -116.966826,32.499116,0 -116.96683,32.499117,0 -116.966833,32.499117,0 -116.966837,32.499117,0 -116.96684,32.499117,0 -116.966844,32.499117,0 -116.966847,32.499117,0 -116.966851,32.499117,0 -116.966861,32.499117,0 -116.966865,32.499117,0 -116.966876,32.499117,0 -116.966879,32.499117,0 -116.966886,32.499117,0 -116.96689,32.499117,0 -116.966893,32.499116,0 -116.966897,32.499116,0 -116.9669,32.499116,0 -116.966904,32.499116,0 -116.966908,32.499115,0 -116.966915,32.499115,0 -116.966918,32.499114,0 -116.966922,32.499114,0 -116.966925,32.499114,0 -116.966929,32.499113,0 -116.966932,32.499113,0 -116.966936,32.499112,0 -116.966939,32.499112,0 -116.966943,32.499111,0 -116.966946,32.499111,0 -116.96695,32.49911,0 -116.966953,32.499109,0 -116.966957,32.499109,0 -116.96696,32.499108,0 -116.966964,32.499107,0 -116.966967,32.499107,0 -116.96697,32.499106,0 -116.966974,32.499105,0 -116.966977,32.499104,0 -116.966981,32.499104,0 -116.966984,32.499103,0 -116.966988,32.499102,0 -116.966994,32.4991,0 -116.966998,32.499099,0 -116.967001,32.499098,0 -116.967005,32.499097,0 -116.967008,32.499097,0 -116.967011,32.499096,0 -116.967015,32.499095,0 -116.967018,32.499093,0 -116.967021,32.499092,0 -116.967025,32.499091,0 -116.967031,32.499089,0 -116.967034,32.499088,0 -116.967038,32.499087,0 -116.967041,32.499086,0 -116.967044,32.499084,0 -116.967047,32.499083,0 -116.967051,32.499082,0 -116.967054,32.499081,0 -116.967057,32.499079,0 -116.967063,32.499077,0 -116.967067,32.499075,0 -116.96707,32.499074,0 -116.967073,32.499072,0 -116.967076,32.499071,0 -116.967079,32.49907,0 -116.967082,32.499068,0 -116.967085,32.499067,0 -116.967088,32.499065,0 -116.967091,32.499064,0 -116.967094,32.499062,0 -116.967097,32.499061,0 -116.967101,32.499059,0 -116.967104,32.499057,0 -116.967106,32.499056,0 -116.967112,32.499052,0 -116.967115,32.499051,0 -116.967466,32.498611,0 
			</coordinates>
		</LineString>
	</Placemark>
	<Placemark id="57D43B119A000002">
		<name>Ruta 22.- 5 y 10 – Ejido Francisco Villa – Terrazas del Valle </name>
		<description>RUTA 22 5Y10-EJIDO FRANCISCO VILLA-TERRAZAS DEL VALLE</description>
		<styleUrl>#__managed_style_679718DBB33AF68BB74C</styleUrl>
		<LineString>
			<tessellate>1</tessellate>
			<coordinates>
				-116.802555,32.46844,0 -116.803832,32.477962,0 -116.804494,32.478106,0 -116.805121,32.47831,0 -116.806162,32.479135,0 -116.806744,32.479802,0 -116.806897,32.480325,0 -116.806908,32.480807,0 -116.806706,32.481078,0 -116.806551,32.481319,0 -116.806788,32.481621,0 -116.807084,32.481692,0 -116.807737,32.481583,0 -116.809031,32.481306,0 -116.809032,32.481306,0 -116.809033,32.481306,0 -116.809033,32.481305,0 -116.809034,32.481305,0 -116.809035,32.481305,0 -116.809036,32.481305,0 -116.809037,32.481305,0 -116.809038,32.481305,0 -116.809039,32.481306,0 -116.80904,32.481306,0 -116.809041,32.481306,0 -116.809042,32.481306,0 -116.809043,32.481306,0 -116.809043,32.481307,0 -116.809044,32.481307,0 -116.809045,32.481307,0 -116.809046,32.481307,0 -116.809046,32.481308,0 -116.809047,32.481308,0 -116.809048,32.481308,0 -116.809048,32.481309,0 -116.809049,32.481309,0 -116.809049,32.48131,0 -116.80905,32.48131,0 -116.809051,32.48131,0 -116.809051,32.481311,0 -116.809052,32.481311,0 -116.809052,32.481312,0 -116.809053,32.481312,0 -116.809053,32.481313,0 -116.809054,32.481313,0 -116.809054,32.481314,0 -116.809054,32.481315,0 -116.809055,32.481315,0 -116.809055,32.481316,0 -116.809055,32.481317,0 -116.809056,32.481317,0 -116.809536,32.482361,0 -116.809667,32.483192,0 -116.809666,32.483582,0 -116.809233,32.484885,0 -116.808709,32.486524,0 -116.808318,32.487407,0 -116.80842,32.487511,0 -116.814187,32.488023,0 -116.814718,32.486911,0 -116.818456,32.491147,0 -116.818942,32.491794,0 -116.819308,32.492298,0 -116.820184,32.493105,0 -116.820499,32.493328,0 -116.8209,32.493551,0 -116.821215,32.49364,0 -116.821967,32.493833,0 -116.822919,32.493955,0 -116.823459,32.494008,0 -116.823974,32.493988,0 -116.825177,32.493626,0 -116.825263,32.493543,0 -116.825079,32.493314,0 -116.825159,32.492885,0 -116.825072,32.492736,0 -116.823859,32.493234,0 -116.82219,32.491772,0 -116.822189,32.491772,0 -116.822189,32.491771,0 -116.822188,32.491771,0 -116.822188,32.49177,0 -116.822187,32.49177,0 -116.822187,32.491769,0 -116.822186,32.491769,0 -116.822186,32.491768,0 -116.822186,32.491767,0 -116.822185,32.491767,0 -116.822185,32.491766,0 -116.822185,32.491765,0 -116.822184,32.491765,0 -116.822184,32.491764,0 -116.822184,32.491763,0 -116.822184,32.491762,0 -116.822183,32.491762,0 -116.822183,32.491761,0 -116.822183,32.49176,0 -116.822183,32.491759,0 -116.822169,32.490913,0 -116.822133,32.490033,0 -116.822037,32.489274,0 -116.821721,32.488544,0 -116.821156,32.487631,0 -116.820756,32.487093,0 -116.817179,32.48467,0 -116.816129,32.484349,0 -116.817156,32.482503,0 -116.818046,32.482048,0 -116.820364,32.480934,0 -116.823747,32.484498,0 -116.825098,32.485914,0 -116.825728,32.487255,0 -116.825937,32.487827,0 -116.828893,32.491078,0 -116.829193,32.491371,0 -116.829823,32.491715,0 -116.832602,32.492763,0 -116.833232,32.492929,0 -116.833907,32.493069,0 -116.834358,32.493083,0 -116.834883,32.49302,0 -116.835379,32.492868,0 -116.835664,32.492665,0 -116.836086,32.491915,0 -116.836541,32.49073,0 -116.837038,32.489688,0 -116.837444,32.48918,0 -116.83791,32.488876,0 -116.838751,32.48847,0 -116.840239,32.487936,0 -116.84048,32.487974,0 -116.841547,32.488905,0 -116.841922,32.489274,0 -116.842327,32.489567,0 -116.842732,32.489834,0 -116.843436,32.490179,0 -116.844081,32.490459,0 -116.844952,32.490702,0 -116.846146,32.490766,0 -116.846431,32.490766,0 -116.848188,32.49059,0 -116.850263,32.490381,0 -116.850743,32.486875,0 -116.85066,32.485352,0 -116.849527,32.480842,0 -116.849471,32.480389,0 -116.849776,32.480341,0 -116.850737,32.484171,0 -116.851025,32.48566,0 -116.851064,32.486693,0 -116.8506,32.490358,0 -116.852908,32.49019,0 -116.853313,32.490305,0 -116.862715,32.487688,0 -116.863285,32.48746,0 -116.868082,32.484873,0 -116.869853,32.48362,0 -116.87013,32.483539,0 -116.870408,32.483612,0 -116.872282,32.484279,0 -116.872473,32.484279,0 -116.872597,32.484133,0 -116.873247,32.475166,0 -116.873722,32.46748,0 -116.877447,32.467706,0 -116.877555,32.466727,0 -116.877768,32.465878,0 -116.877874,32.465286,0 -116.878154,32.464901,0 -116.878539,32.464397,0 -116.879205,32.463939,0 -116.87938,32.463746,0 -116.880852,32.463283,0 -116.880137,32.461578,0 -116.880505,32.461578,0 -116.881746,32.46158,0 -116.883058,32.461373,0 -116.885462,32.460795,0 -116.888139,32.460086,0 -116.89128,32.459285,0 -116.892067,32.458975,0 -116.892977,32.458635,0 -116.893677,32.458294,0 -116.894237,32.458191,0 -116.894849,32.458251,0 -116.895635,32.458459,0 -116.899573,32.460154,0 -116.900516,32.460747,0 -116.901417,32.461449,0 -116.901783,32.461835,0 -116.902168,32.462132,0 -116.902727,32.46234,0 -116.903899,32.462355,0 -116.906807,32.462373,0 -116.907874,32.462374,0 -116.908608,32.462419,0 -116.909365,32.462688,0 -116.915557,32.466152,0 -116.916047,32.466419,0 -116.916361,32.46676,0 -116.916571,32.467368,0 -116.917374,32.470352,0 -116.917635,32.471479,0 -116.918862,32.473416,0 -116.922183,32.478581,0 -116.922515,32.479085,0 -116.922724,32.479781,0 -116.922843,32.485213,0 -116.923036,32.485633,0 -116.923298,32.486078,0 -116.923998,32.486819,0 -116.925293,32.487877,0 -116.925818,32.488277,0 -116.926482,32.489004,0 -116.92965,32.493149,0 -116.932414,32.4964,0 -116.934794,32.499,0 -116.935774,32.499816,0 -116.936858,32.500439,0 -116.938012,32.501017,0 -116.94394,32.502805,0 -116.944605,32.503012,0 -116.945532,32.503131,0 -116.946582,32.503161,0 -116.947597,32.503132,0 -116.948839,32.503148,0 -116.949522,32.503237,0 -116.950231,32.503431,0 -116.956021,32.506663,0 -116.956779,32.506946,0 -116.957269,32.506961,0 -116.961819,32.505276,0 -116.964684,32.501761,0 -116.964893,32.501483,0 -116.965063,32.501238,0 -116.967931,32.497527,0 -116.969339,32.495804,0 -116.97033,32.494804,0 -116.970697,32.494438,0 -116.971725,32.493147,0 -116.971727,32.493146,0 -116.971728,32.493145,0 -116.97173,32.493144,0 -116.971731,32.493143,0 -116.971732,32.493142,0 -116.971734,32.493141,0 -116.971735,32.49314,0 -116.971737,32.493139,0 -116.971738,32.493138,0 -116.971739,32.493137,0 -116.971741,32.493136,0 -116.971742,32.493135,0 -116.971744,32.493134,0 -116.971745,32.493133,0 -116.971746,32.493132,0 -116.971748,32.493131,0 -116.971749,32.49313,0 -116.971751,32.493129,0 -116.971752,32.493128,0 -116.971754,32.493127,0 -116.971755,32.493126,0 -116.971756,32.493125,0 -116.971758,32.493124,0 -116.971759,32.493123,0 -116.971761,32.493122,0 -116.971762,32.493121,0 -116.971764,32.49312,0 -116.971765,32.493119,0 -116.971766,32.493118,0 -116.971768,32.493117,0 -116.971769,32.493116,0 -116.971771,32.493115,0 -116.971772,32.493114,0 -116.971774,32.493113,0 -116.971775,32.493112,0 -116.971776,32.493111,0 -116.971778,32.49311,0 -116.971779,32.493109,0 -116.971781,32.493108,0 -116.971782,32.493107,0 -116.971784,32.493106,0 -116.971785,32.493105,0 -116.971787,32.493104,0 -116.971788,32.493103,0 -116.971789,32.493102,0 -116.971791,32.493101,0 -116.971792,32.4931,0 -116.971794,32.493099,0 -116.971795,32.493098,0 -116.971797,32.493097,0 -116.971798,32.493096,0 -116.9718,32.493095,0 -116.971801,32.493094,0 -116.971803,32.493093,0 -116.971804,32.493092,0 -116.971806,32.493091,0 -116.971807,32.49309,0 -116.971808,32.493089,0 -116.97181,32.493088,0 -116.971811,32.493087,0 -116.971813,32.493086,0 -116.971814,32.493085,0 -116.971816,32.493084,0 -116.971817,32.493083,0 -116.971819,32.493082,0 -116.97182,32.493081,0 -116.971822,32.493081,0 -116.971823,32.49308,0 -116.971825,32.493079,0 -116.971826,32.493078,0 -116.971828,32.493077,0 -116.971829,32.493076,0 -116.971831,32.493075,0 -116.971832,32.493074,0 -116.971834,32.493073,0 -116.971835,32.493072,0 -116.971837,32.493071,0 -116.971838,32.49307,0 -116.97184,32.493069,0 -116.971841,32.493068,0 -116.971843,32.493067,0 -116.971844,32.493066,0 -116.971846,32.493066,0 -116.971847,32.493065,0 -116.971849,32.493064,0 -116.97185,32.493063,0 -116.971852,32.493062,0 -116.971853,32.493061,0 -116.971855,32.49306,0 -116.971856,32.493059,0 -116.971858,32.493058,0 -116.971859,32.493057,0 -116.971861,32.493056,0 -116.971862,32.493055,0 -116.971864,32.493055,0 -116.971865,32.493054,0 -116.971867,32.493053,0 -116.971868,32.493052,0 -116.97187,32.493051,0 -116.971871,32.49305,0 -116.971873,32.493049,0 -116.971874,32.493048,0 -116.971876,32.493047,0 -116.971877,32.493046,0 -116.971879,32.493046,0 -116.971881,32.493045,0 -116.971882,32.493044,0 -116.971884,32.493043,0 -116.971885,32.493042,0 -116.971887,32.493041,0 -116.971888,32.49304,0 -116.97189,32.493039,0 -116.971891,32.493038,0 -116.971893,32.493038,0 -116.971894,32.493037,0 -116.971896,32.493036,0 -116.971897,32.493035,0 -116.971899,32.493034,0 -116.971901,32.493033,0 -116.971902,32.493032,0 -116.971904,32.493031,0 -116.971905,32.493031,0 -116.971907,32.49303,0 -116.971908,32.493029,0 -116.97191,32.493028,0 -116.971911,32.493027,0 -116.971913,32.493026,0 -116.971915,32.493025,0 -116.971916,32.493024,0 -116.971918,32.493024,0 -116.971919,32.493023,0 -116.971921,32.493022,0 -116.971922,32.493021,0 -116.971924,32.49302,0 -116.971925,32.493019,0 -116.971927,32.493019,0 -116.971929,32.493018,0 -116.97193,32.493017,0 -116.971932,32.493016,0 -116.971933,32.493015,0 -116.971935,32.493014,0 -116.971936,32.493013,0 -116.971938,32.493013,0 -116.97194,32.493012,0 -116.971941,32.493011,0 -116.971943,32.49301,0 -116.971944,32.493009,0 -116.971946,32.493008,0 -116.971947,32.493008,0 -116.971949,32.493007,0 -116.971951,32.493006,0 -116.971952,32.493005,0 -116.971954,32.493004,0 -116.971955,32.493004,0 -116.971957,32.493003,0 -116.971959,32.493002,0 -116.97196,32.493001,0 -116.971962,32.493,0 -116.971963,32.492999,0 -116.971965,32.492999,0 -116.971967,32.492998,0 -116.971968,32.492997,0 -116.97197,32.492996,0 -116.971971,32.492995,0 -116.971973,32.492995,0 -116.971975,32.492994,0 -116.971976,32.492993,0 -116.971978,32.492992,0 -116.971979,32.492991,0 -116.971981,32.492991,0 -116.971983,32.49299,0 -116.971984,32.492989,0 -116.971986,32.492988,0 -116.971987,32.492987,0 -116.971989,32.492987,0 -116.971991,32.492986,0 -116.971992,32.492985,0 -116.971994,32.492984,0 -116.971995,32.492984,0 -116.971997,32.492983,0 -116.972,32.492981,0 -116.972003,32.49298,0 -116.972006,32.492979,0 -116.97201,32.492977,0 -116.972013,32.492976,0 -116.972016,32.492975,0 -116.972019,32.492973,0 -116.972023,32.492972,0 -116.972026,32.492971,0 -116.972029,32.49297,0 -116.972033,32.492969,0 -116.972036,32.492968,0 -116.97204,32.492967,0 -116.972043,32.492966,0 -116.972046,32.492966,0 -116.97205,32.492965,0 -116.972053,32.492964,0 -116.972057,32.492963,0 -116.97206,32.492963,0 -116.972064,32.492962,0 -116.972067,32.492962,0 -116.972071,32.492961,0 -116.972074,32.492961,0 -116.972078,32.49296,0 -116.972082,32.49296,0 -116.972085,32.49296,0 -116.972089,32.49296,0 -116.972092,32.49296,0 -116.972096,32.492959,0 -116.972099,32.492959,0 -116.972103,32.492959,0 -116.972107,32.492959,0 -116.97211,32.49296,0 -116.972114,32.49296,0 -116.972117,32.49296,0 -116.972121,32.49296,0 -116.972124,32.49296,0 -116.972128,32.492961,0 -116.972131,32.492961,0 -116.972135,32.492962,0 -116.972139,32.492962,0 -116.972142,32.492963,0 -116.972146,32.492963,0 -116.972149,32.492964,0 -116.972152,32.492965,0 -116.972156,32.492965,0 -116.972159,32.492966,0 -116.972163,32.492967,0 -116.972166,32.492968,0 -116.97217,32.492969,0 -116.972173,32.49297,0 -116.972176,32.492971,0 -116.97218,32.492972,0 -116.972183,32.492973,0 -116.972186,32.492974,0 -116.97219,32.492976,0 -116.972193,32.492977,0 -116.972196,32.492978,0 -116.972199,32.49298,0 -116.972202,32.492981,0 -116.972205,32.492982,0 -116.972209,32.492984,0 -116.972212,32.492986,0 -116.972215,32.492987,0 -116.972218,32.492989,0 -116.972221,32.49299,0 -116.972224,32.492992,0 -116.972226,32.492994,0 -116.972229,32.492996,0 -116.972232,32.492998,0 -116.972235,32.492999,0 -116.972238,32.493001,0 -116.97224,32.493003,0 -116.972243,32.493005,0 -116.972246,32.493007,0 -116.972248,32.49301,0 -116.972251,32.493012,0 -116.972253,32.493014,0 -116.972256,32.493016,0 -116.972258,32.493018,0 -116.972261,32.49302,0 -116.972263,32.493023,0 -116.972265,32.493025,0 -116.972267,32.493027,0 -116.97227,32.49303,0 -116.972272,32.493032,0 -116.972274,32.493035,0 -116.972276,32.493037,0 -116.972278,32.49304,0 -116.97228,32.493042,0 -116.972282,32.493045,0 -116.972284,32.493047,0 -116.972285,32.49305,0 -116.972287,32.493053,0 -116.972289,32.493055,0 -116.972291,32.493058,0 -116.972292,32.493061,0 -116.972294,32.493063,0 -116.972295,32.493066,0 -116.972297,32.493069,0 -116.972298,32.493072,0 -116.972299,32.493075,0 -116.9723,32.493077,0 -116.972302,32.49308,0 -116.972303,32.493083,0 -116.972304,32.493086,0 -116.972305,32.493089,0 -116.972306,32.493092,0 -116.972307,32.493095,0 -116.972308,32.493098,0 -116.972308,32.493101,0 -116.972309,32.493104,0 -116.97231,32.493107,0 -116.97231,32.49311,0 -116.972311,32.493113,0 -116.972311,32.493116,0 -116.972312,32.493119,0 -116.972312,32.493122,0 -116.972313,32.493125,0 -116.972313,32.493128,0 -116.972313,32.493131,0 -116.972313,32.493134,0 -116.972313,32.493137,0 -116.972313,32.49314,0 -116.972313,32.493143,0 -116.972313,32.493146,0 -116.972313,32.493149,0 -116.972313,32.493152,0 -116.972312,32.493155,0 -116.972312,32.493158,0 -116.972312,32.493161,0 -116.972311,32.493164,0 -116.972311,32.493167,0 -116.97231,32.49317,0 -116.972309,32.493173,0 -116.972309,32.493176,0 -116.972308,32.493179,0 -116.972307,32.493182,0 -116.972306,32.493185,0 -116.972305,32.493188,0 -116.972304,32.49319,0 -116.972303,32.493193,0 -116.972302,32.493196,0 -116.972301,32.493199,0 -116.9723,32.493202,0 -116.972298,32.493205,0 -116.972297,32.493208,0 -116.972296,32.49321,0 -116.972294,32.493213,0 -116.972293,32.493216,0 -116.972291,32.493219,0 -116.972289,32.493221,0 -116.972288,32.493224,0 -116.972286,32.493227,0 -116.972284,32.493229,0 -116.972282,32.493232,0 -116.972281,32.493234,0 -116.972279,32.493237,0 -116.972277,32.493239,0 -116.972275,32.493242,0 -116.972272,32.493244,0 -116.97227,32.493247,0 -116.972268,32.493249,0 -116.972266,32.493252,0 -116.972264,32.493254,0 -116.972261,32.493256,0 -116.972259,32.493259,0 -116.972257,32.493261,0 -116.972254,32.493263,0 -116.972252,32.493265,0 -116.972249,32.493267,0 -116.972247,32.493269,0 -116.972244,32.493271,0 -116.972241,32.493273,0 -116.972239,32.493275,0 -116.972236,32.493277,0 -116.972233,32.493279,0 -116.97223,32.493281,0 -116.972227,32.493283,0 -116.972224,32.493285,0 -116.971966,32.493441,0 -116.971825,32.493535,0 -116.971197,32.49402,0 -116.970985,32.494263,0 -116.970066,32.495271,0 -116.965553,32.501062,0 -116.961843,32.505518,0 -116.960742,32.506991,0 -116.960737,32.507001,0 -116.960732,32.507011,0 -116.960727,32.50702,0 -116.960722,32.50703,0 -116.960717,32.50704,0 -116.960713,32.50705,0 -116.960708,32.507059,0 -116.960703,32.507069,0 -116.960699,32.507079,0 -116.960694,32.507089,0 -116.96069,32.507098,0 -116.960685,32.507108,0 -116.960681,32.507118,0 -116.960676,32.507128,0 -116.960672,32.507138,0 -116.960668,32.507148,0 -116.960663,32.507158,0 -116.960659,32.507168,0 -116.960655,32.507178,0 -116.960651,32.507187,0 -116.960646,32.507197,0 -116.960642,32.507207,0 -116.960638,32.507217,0 -116.960634,32.507227,0 -116.96063,32.507237,0 -116.960626,32.507247,0 -116.960622,32.507257,0 -116.960619,32.507267,0 -116.960615,32.507277,0 -116.960611,32.507287,0 -116.960607,32.507297,0 -116.960603,32.507308,0 -116.9606,32.507318,0 -116.960596,32.507328,0 -116.960593,32.507338,0 -116.960589,32.507348,0 -116.960586,32.507358,0 -116.960582,32.507368,0 -116.960579,32.507378,0 -116.960575,32.507388,0 -116.960572,32.507399,0 -116.960569,32.507409,0 -116.960565,32.507419,0 -116.960562,32.507429,0 -116.960559,32.507439,0 -116.960556,32.50745,0 -116.960553,32.50746,0 -116.96055,32.50747,0 -116.960547,32.50748,0 -116.960544,32.50749,0 -116.960541,32.507501,0 -116.960538,32.507511,0 -116.960535,32.507521,0 -116.960532,32.507531,0 -116.960529,32.507542,0 -116.960526,32.507552,0 -116.960524,32.507562,0 -116.960521,32.507573,0 -116.960519,32.507583,0 -116.960516,32.507593,0 -116.960513,32.507604,0 -116.960511,32.507614,0 -116.960508,32.507624,0 -116.960506,32.507635,0 -116.960504,32.507645,0 -116.960501,32.507655,0 -116.960499,32.507666,0 -116.960497,32.507676,0 -116.960495,32.507686,0 -116.960492,32.507697,0 -116.96049,32.507707,0 -116.960488,32.507718,0 -116.960486,32.507728,0 -116.960484,32.507738,0 -116.960482,32.507749,0 -116.96048,32.507759,0 -116.960478,32.50777,0 -116.960476,32.50778,0 -116.960475,32.507791,0 -116.960473,32.507801,0 -116.960471,32.507811,0 -116.96047,32.507822,0 -116.960468,32.507832,0 -116.960466,32.507843,0 -116.960465,32.507853,0 -116.960463,32.507864,0 -116.960462,32.507874,0 -116.96046,32.507885,0 -116.960459,32.507895,0 -116.960458,32.507906,0 -116.960456,32.507916,0 -116.960455,32.507927,0 -116.960454,32.507937,0 -116.960453,32.507948,0 -116.960452,32.507958,0 -116.96045,32.507969,0 -116.960449,32.507979,0 -116.960448,32.50799,0 -116.960447,32.508,0 -116.960446,32.508011,0 -116.960446,32.508021,0 -116.960445,32.508032,0 -116.960444,32.508042,0 -116.960443,32.508053,0 -116.960442,32.508063,0 -116.960442,32.508074,0 -116.960441,32.508084,0 -116.960441,32.508095,0 -116.96044,32.508105,0 -116.960439,32.508116,0 -116.960439,32.508127,0 -116.960439,32.508137,0 -116.960438,32.508148,0 -116.960438,32.508158,0 -116.960437,32.508169,0 -116.960437,32.508179,0 -116.960437,32.50819,0 -116.960437,32.5082,0 -116.960437,32.508211,0 -116.960437,32.508221,0 -116.960437,32.508232,0 -116.960437,32.508242,0 -116.960437,32.508253,0 -116.960437,32.508264,0 -116.960437,32.508274,0 -116.960437,32.508285,0 -116.960437,32.508295,0 -116.960437,32.508306,0 -116.960438,32.508316,0 -116.960438,32.508327,0 -116.960438,32.508337,0 -116.960439,32.508348,0 -116.960439,32.508358,0 -116.96044,32.508369,0 -116.96044,32.50838,0 -116.960441,32.50839,0 -116.960441,32.508401,0 -116.960442,32.508411,0 -116.960443,32.508422,0 -116.960443,32.508432,0 -116.960444,32.508443,0 -116.960445,32.508453,0 -116.960446,32.508464,0 -116.960447,32.508474,0 -116.960448,32.508485,0 -116.960449,32.508495,0 -116.96045,32.508506,0 -116.960451,32.508516,0 -116.960452,32.508527,0 -116.960453,32.508537,0 -116.960454,32.508548,0 -116.960456,32.508558,0 -116.960457,32.508569,0 -116.960458,32.508579,0 -116.960459,32.50859,0 -116.960461,32.5086,0 -116.960462,32.508611,0 -116.960464,32.508621,0 -116.960465,32.508632,0 -116.960467,32.508642,0 -116.960468,32.508653,0 -116.96047,32.508663,0 -116.960472,32.508674,0 -116.960474,32.508684,0 -116.960475,32.508694,0 -116.960477,32.508705,0 -116.960479,32.508715,0 -116.960481,32.508726,0 -116.960483,32.508736,0 -116.960485,32.508747,0 -116.960487,32.508757,0 -116.960489,32.508767,0 -116.960491,32.508778,0 -116.960493,32.508788,0 -116.960495,32.508798,0 -116.960498,32.508809,0 -116.9605,32.508819,0 -116.960502,32.50883,0 -116.960504,32.50884,0 -116.960507,32.50885,0 -116.960668,32.509544,0 -116.961216,32.511562,0 -116.961217,32.511565,0 -116.961218,32.511569,0 -116.961219,32.511572,0 -116.96122,32.511575,0 -116.961221,32.511578,0 -116.961222,32.511582,0 -116.961223,32.511585,0 -116.961225,32.511588,0 -116.961226,32.511591,0 -116.961227,32.511594,0 -116.961228,32.511598,0 -116.96123,32.511601,0 -116.961231,32.511604,0 -116.961233,32.511607,0 -116.961234,32.51161,0 -116.961236,32.511613,0 -116.961238,32.511616,0 -116.961239,32.511619,0 -116.961241,32.511623,0 -116.961243,32.511626,0 -116.961245,32.511629,0 -116.961247,32.511632,0 -116.961249,32.511634,0 -116.961251,32.511637,0 -116.961253,32.51164,0 -116.961255,32.511643,0 -116.961257,32.511646,0 -116.961259,32.511649,0 -116.961262,32.511652,0 -116.961264,32.511655,0 -116.961266,32.511657,0 -116.961268,32.51166,0 -116.961271,32.511663,0 -116.961273,32.511665,0 -116.961276,32.511668,0 -116.961278,32.511671,0 -116.961281,32.511673,0 -116.961284,32.511676,0 -116.961286,32.511678,0 -116.961289,32.511681,0 -116.961292,32.511683,0 -116.961294,32.511686,0 -116.961297,32.511688,0 -116.9613,32.511691,0 -116.961303,32.511693,0 -116.961306,32.511695,0 -116.961309,32.511698,0 -116.961312,32.5117,0 -116.961315,32.511702,0 -116.961318,32.511704,0 -116.961321,32.511706,0 -116.961324,32.511708,0 -116.961327,32.511711,0 -116.961331,32.511713,0 -116.961334,32.511715,0 -116.961337,32.511717,0 -116.96134,32.511718,0 -116.961344,32.51172,0 -116.961347,32.511722,0 -116.96135,32.511724,0 -116.961354,32.511726,0 -116.961357,32.511727,0 -116.961361,32.511729,0 -116.961364,32.511731,0 -116.961368,32.511732,0 -116.961371,32.511734,0 -116.961375,32.511736,0 -116.961378,32.511737,0 -116.961382,32.511739,0 -116.961386,32.51174,0 -116.961389,32.511741,0 -116.961393,32.511743,0 -116.961397,32.511744,0 -116.9614,32.511745,0 -116.961404,32.511746,0 -116.961408,32.511748,0 -116.961412,32.511749,0 -116.961415,32.51175,0 -116.961419,32.511751,0 -116.961423,32.511752,0 -116.961427,32.511753,0 -116.961431,32.511754,0 -116.961435,32.511754,0 -116.961439,32.511755,0 -116.961442,32.511756,0 -116.961446,32.511757,0 -116.96145,32.511757,0 -116.961454,32.511758,0 -116.961458,32.511759,0 -116.961462,32.511759,0 -116.961466,32.51176,0 -116.96147,32.51176,0 -116.961474,32.511761,0 -116.961478,32.511761,0 -116.961482,32.511761,0 -116.961486,32.511762,0 -116.96149,32.511762,0 -116.961494,32.511762,0 -116.961498,32.511762,0 -116.961502,32.511762,0 -116.961506,32.511762,0 -116.96151,32.511762,0 -116.961514,32.511762,0 -116.961518,32.511762,0 -116.961522,32.511762,0 -116.961526,32.511762,0 -116.96153,32.511762,0 -116.961534,32.511761,0 -116.961538,32.511761,0 -116.961542,32.511761,0 -116.961546,32.51176,0 -116.96155,32.51176,0 -116.961554,32.511759,0 -116.961558,32.511759,0 -116.961562,32.511758,0 -116.961566,32.511758,0 -116.96157,32.511757,0 -116.961573,32.511756,0 -116.961577,32.511755,0 -116.961581,32.511755,0 -116.961585,32.511754,0 -116.961589,32.511753,0 -116.961593,32.511752,0 -116.961597,32.511751,0 -116.9616,32.51175,0 -116.961604,32.511749,0 -116.961608,32.511748,0 -116.961612,32.511747,0 -116.961616,32.511745,0 -116.961619,32.511744,0 -116.961623,32.511743,0 -116.961627,32.511742,0 -116.96163,32.51174,0 -116.961634,32.511739,0 -116.961638,32.511737,0 -116.961641,32.511736,0 -116.961645,32.511734,0 -116.961648,32.511733,0 -116.961652,32.511731,0 -116.961655,32.51173,0 -116.961659,32.511728,0 -116.961662,32.511726,0 -116.961666,32.511724,0 -116.961669,32.511723,0 -116.961672,32.511721,0 -116.961676,32.511719,0 -116.961679,32.511717,0 -116.961682,32.511715,0 -116.961686,32.511713,0 -116.961689,32.511711,0 -116.961692,32.511709,0 -116.961695,32.511707,0 -116.961698,32.511705,0 -116.961701,32.511702,0 -116.961704,32.5117,0 -116.961707,32.511698,0 -116.96171,32.511696,0 -116.961713,32.511693,0 -116.961716,32.511691,0 -116.961719,32.511689,0 -116.961722,32.511686,0 -116.961725,32.511684,0 -116.961727,32.511681,0 -116.96173,32.511679,0 -116.961733,32.511676,0 -116.961735,32.511674,0 -116.961738,32.511671,0 -116.96174,32.511669,0 -116.961743,32.511666,0 -116.961745,32.511663,0 -116.961748,32.511661,0 -116.96175,32.511658,0 -116.961752,32.511655,0 -116.961755,32.511652,0 -116.961757,32.511649,0 -116.961759,32.511647,0 -116.961761,32.511644,0 -116.961763,32.511641,0 -116.961765,32.511638,0 -116.961767,32.511635,0 -116.962371,32.510743,0 -116.962374,32.510739,0 -116.962376,32.510734,0 -116.962378,32.510729,0 -116.962381,32.510725,0 -116.962383,32.51072,0 -116.962385,32.510715,0 -116.962388,32.510711,0 -116.96239,32.510706,0 -116.962392,32.510701,0 -116.962394,32.510696,0 -116.962396,32.510692,0 -116.962398,32.510687,0 -116.9624,32.510682,0 -116.962402,32.510677,0 -116.962404,32.510672,0 -116.962406,32.510668,0 -116.962408,32.510663,0 -116.96241,32.510658,0 -116.962411,32.510653,0 -116.962413,32.510648,0 -116.962415,32.510643,0 -116.962417,32.510638,0 -116.962418,32.510634,0 -116.96242,32.510629,0 -116.962421,32.510624,0 -116.962423,32.510619,0 -116.962424,32.510614,0 -116.962425,32.510609,0 -116.962427,32.510604,0 -116.962428,32.510599,0 -116.962429,32.510594,0 -116.962431,32.510589,0 -116.962432,32.510584,0 -116.962433,32.510579,0 -116.962434,32.510574,0 -116.962435,32.510569,0 -116.962436,32.510564,0 -116.962437,32.510559,0 -116.962438,32.510554,0 -116.962439,32.510549,0 -116.96244,32.510544,0 -116.96244,32.510539,0 -116.962441,32.510534,0 -116.962442,32.510529,0 -116.962443,32.510524,0 -116.962443,32.510519,0 -116.962444,32.510514,0 -116.962444,32.510508,0 -116.962445,32.510503,0 -116.962445,32.510498,0 -116.962446,32.510493,0 -116.962446,32.510488,0 -116.962446,32.510483,0 -116.962447,32.510478,0 -116.962447,32.510473,0 -116.962447,32.510468,0 -116.962447,32.510463,0 -116.962447,32.510458,0 -116.962447,32.510453,0 -116.962447,32.510447,0 -116.962447,32.510442,0 -116.962447,32.510437,0 -116.962447,32.510432,0 -116.962447,32.510427,0 -116.962447,32.510422,0 -116.962447,32.510417,0 -116.962446,32.510412,0 -116.962446,32.510407,0 -116.962446,32.510402,0 -116.962445,32.510397,0 -116.962445,32.510392,0 -116.962444,32.510387,0 -116.962444,32.510381,0 -116.962443,32.510376,0 -116.962442,32.510371,0 -116.962442,32.510366,0 -116.962441,32.510361,0 -116.96244,32.510356,0 -116.96244,32.510351,0 -116.962439,32.510346,0 -116.962438,32.510341,0 -116.962437,32.510336,0 -116.962436,32.510331,0 -116.962435,32.510326,0 -116.962434,32.510321,0 -116.962433,32.510316,0 -116.962432,32.510311,0 -116.96243,32.510306,0 -116.962429,32.510301,0 -116.962428,32.510296,0 -116.962427,32.510291,0 -116.962425,32.510286,0 -116.962424,32.510281,0 -116.962423,32.510276,0 -116.962421,32.510271,0 -116.96242,32.510266,0 -116.962418,32.510262,0 -116.962416,32.510257,0 -116.962415,32.510252,0 -116.962413,32.510247,0 -116.962411,32.510242,0 -116.96241,32.510237,0 -116.962408,32.510232,0 -116.962406,32.510227,0 -116.962404,32.510223,0 -116.962402,32.510218,0 -116.9624,32.510213,0 -116.962398,32.510208,0 -116.962396,32.510203,0 -116.962394,32.510199,0 -116.962392,32.510194,0 -116.96239,32.510189,0 -116.962388,32.510184,0 -116.962385,32.51018,0 -116.962383,32.510175,0 -116.962381,32.51017,0 -116.962378,32.510166,0 -116.962376,32.510161,0 -116.962373,32.510156,0 -116.962371,32.510152,0 -116.962368,32.510147,0 -116.962366,32.510142,0 -116.962363,32.510138,0 -116.962361,32.510133,0 -116.962358,32.510129,0 -116.962355,32.510124,0 -116.962352,32.51012,0 -116.96235,32.510115,0 -116.962347,32.510111,0 -116.962344,32.510106,0 -116.962341,32.510102,0 -116.962338,32.510097,0 -116.962335,32.510093,0 -116.962332,32.510089,0 -116.962329,32.510084,0 -116.962326,32.51008,0 -116.962323,32.510075,0 -116.96232,32.510071,0 -116.962316,32.510067,0 -116.962313,32.510063,0 -116.96231,32.510058,0 -116.962307,32.510054,0 -116.962303,32.51005,0 -116.9623,32.510046,0 -116.962296,32.510041,0 -116.962293,32.510037,0 -116.96229,32.510033,0 -116.962286,32.510029,0 -116.962282,32.510025,0 -116.962279,32.510021,0 -116.962275,32.510017,0 -116.962272,32.510013,0 -116.962268,32.510009,0 -116.962264,32.510005,0 -116.96226,32.510001,0 -116.962257,32.509997,0 -116.962253,32.509993,0 -116.962249,32.509989,0 -116.962245,32.509985,0 -116.962241,32.509981,0 -116.962237,32.509978,0 -116.962233,32.509974,0 -116.962229,32.50997,0 -116.962225,32.509966,0 -116.962221,32.509963,0 -116.962217,32.509959,0 -116.962213,32.509955,0 -116.962208,32.509951,0 -116.962204,32.509948,0 -116.9622,32.509944,0 -116.962196,32.509941,0 -116.962191,32.509937,0 -116.962187,32.509934,0 -116.962183,32.50993,0 -116.962178,32.509927,0 -116.962174,32.509923,0 -116.962169,32.50992,0 -116.962165,32.509916,0 -116.96216,32.509913,0 -116.962156,32.50991,0 -116.960396,32.508628,0 -116.958616,32.507513,0 -116.956998,32.506992,0 
			</coordinates>
		</LineString>
	</Placemark>
</Document>
</kml>
